oekobaudatName,oekobaudatUuid____448d1096-2017-4901-a560-f652a83c737e____2020-II,oekobaudatUuid____22885a6e-1765-4ade-a35e-ae668bd07256____2023-I,oekobaudatUuid____cd2bda71-760b-4fcc-8a0b-3877c10000a8____2021-II,oekobaudatUuid____8201b671-10cd-4dc5-9750-0b856d998be4____2020-I,oekobaudatUuid____0454ab26-f45c-4e24-8260-9e2049738b75____2019-III,oekobaudatUuid____815d8970-02dc-4abc-b02e-78d41b4e4bb5____2019-II,oekobaudatUuid____30b63be3-b76b-4bd4-a876-330790c228a9____2019-I,oekobaudatUuid____cc02f499-6b0f-4556-bb4a-7abe48e55f71____2017,tBaustoffName,eolCategoryName,eolScenarioReal,eolScenarioPotential,technologyFactor,Unnamed: 8,processCategoryNumber,productUuid,eolCategoryUuid
7.6.01. Garagensektionaltor,nicht vorhanden,5796c4d9-62e2-45f2-ae6c-23eade5d105b,nicht vorhanden,nicht vorhanden,nicht vorhanden,nicht vorhanden,nicht vorhanden,nicht vorhanden,Garagensektionaltor,nicht eingestuft,n.e.,n.e.,n.e.,,,dd1816cf-4a3f-501a-987d-54f3529bb505,ef961829-1f5b-52ad-a6f7-8c77cea76d5c
Abwasserrohr ABS,9fcc1331-0b4f-4c52-a5fc-e42d25c601dd,9099dfdd-22a6-4dee-9b60-0e90701e9d99,9fcc1331-0b4f-4c52-a5fc-e42d25c601dd,9fcc1331-0b4f-4c52-a5fc-e42d25c601dd,9fcc1331-0b4f-4c52-a5fc-e42d25c601dd,9fcc1331-0b4f-4c52-a5fc-e42d25c601dd,9fcc1331-0b4f-4c52-a5fc-e42d25c601dd,9fcc1331-0b4f-4c52-a5fc-e42d25c601dd,Abwasserrohr ABS,nicht eingestuft,n.e.,n.e.,n.e.,,6.1,38ae424b-5ba3-5681-b4c4-32b679d0a3d4,ef961829-1f5b-52ad-a6f7-8c77cea76d5c
Abwasserrohr GFK,f5c6cbd6-258c-4542-876a-1d44adfc0992,d1ea7d7e-bcfc-496c-8cb6-072f2339eb7f,f5c6cbd6-258c-4542-876a-1d44adfc0992,f5c6cbd6-258c-4542-876a-1d44adfc0992,f5c6cbd6-258c-4542-876a-1d44adfc0992,f5c6cbd6-258c-4542-876a-1d44adfc0992,f5c6cbd6-258c-4542-876a-1d44adfc0992,f5c6cbd6-258c-4542-876a-1d44adfc0992,Abwasserrohr GFK,nicht eingestuft,n.e.,n.e.,n.e.,,6.1,45b952b2-6576-5c07-90e0-1f21146e9270,ef961829-1f5b-52ad-a6f7-8c77cea76d5c
Abwasserrohr PE-HD,cd5b784e-497d-4c76-abbd-d66867e1e986,a198cf71-f033-4b76-9228-d22ca191b2f6,cd5b784e-497d-4c76-abbd-d66867e1e986,cd5b784e-497d-4c76-abbd-d66867e1e986,cd5b784e-497d-4c76-abbd-d66867e1e986,cd5b784e-497d-4c76-abbd-d66867e1e986,cd5b784e-497d-4c76-abbd-d66867e1e986,cd5b784e-497d-4c76-abbd-d66867e1e986,Abwasserrohr PE-HD,nicht eingestuft,n.e.,n.e.,n.e.,,6.1,e40cf688-0e0a-524d-8a61-483de8ad57e3,ef961829-1f5b-52ad-a6f7-8c77cea76d5c
Abwasserrohr PP,795b4798-b745-4189-a2b8-5d5f37d8d490,88558ef9-479f-405e-9e94-e36f817a3620,795b4798-b745-4189-a2b8-5d5f37d8d490,795b4798-b745-4189-a2b8-5d5f37d8d490,795b4798-b745-4189-a2b8-5d5f37d8d490,795b4798-b745-4189-a2b8-5d5f37d8d490,795b4798-b745-4189-a2b8-5d5f37d8d490,795b4798-b745-4189-a2b8-5d5f37d8d490,Abwasserrohr PP,nicht eingestuft,n.e.,n.e.,n.e.,,6.1,a1882e4b-65df-5402-b0fc-bb237f3ce8bf,ef961829-1f5b-52ad-a6f7-8c77cea76d5c
Abwasserrohr PVC,e1f7f83b-6f6e-4ed8-a666-0d49682982e1,61e47e03-7a7d-48db-a48a-f5368266f7f5,e1f7f83b-6f6e-4ed8-a666-0d49682982e1,e1f7f83b-6f6e-4ed8-a666-0d49682982e1,e1f7f83b-6f6e-4ed8-a666-0d49682982e1,e1f7f83b-6f6e-4ed8-a666-0d49682982e1,e1f7f83b-6f6e-4ed8-a666-0d49682982e1,e1f7f83b-6f6e-4ed8-a666-0d49682982e1,Abwasserrohr PVC,nicht eingestuft,n.e.,n.e.,n.e.,,6.1,a59d86e9-4cb1-55a6-9c86-48d3c65e4442,ef961829-1f5b-52ad-a6f7-8c77cea76d5c
"Acetyliertes Holz (1 m3, 510 kg/m3)",nicht vorhanden,3b1f0c75-07a4-4182-b310-5529fc5b54a6,nicht vorhanden,nicht vorhanden,nicht vorhanden,nicht vorhanden,nicht vorhanden,nicht vorhanden,Acetyliertes Holz,Holz - acetyliert,EV+,EV+,0,,3.5,f9fdf007-e1af-5b1d-8822-46f9aa025b54,823d2d7b-9d3e-5afd-bf16-cc18d679ba58
Acrylat Dichtmasse,b9272c24-9228-45b1-a2a3-d361abe0bb7f,c19ffdbb-75b8-49b3-b16b-e6b9707dc7d6,b9272c24-9228-45b1-a2a3-d361abe0bb7f,b9272c24-9228-45b1-a2a3-d361abe0bb7f,b9272c24-9228-45b1-a2a3-d361abe0bb7f,b9272c24-9228-45b1-a2a3-d361abe0bb7f,b9272c24-9228-45b1-a2a3-d361abe0bb7f,b9272c24-9228-45b1-a2a3-d361abe0bb7f,Acrylat Dichtmasse,nicht eingestuft,n.e.,n.e.,n.e.,,6.7,1c7d15a1-1a7d-54c0-ab68-e7ee5942909f,ef961829-1f5b-52ad-a6f7-8c77cea76d5c
Aluminium Profil,bd6d6d89-b76d-4002-a217-afffbb8aa308,fdc99ab8-d843-44ec-a66c-92367d244321,bd6d6d89-b76d-4002-a217-afffbb8aa308,bd6d6d89-b76d-4002-a217-afffbb8aa308,bd6d6d89-b76d-4002-a217-afffbb8aa308,bd6d6d89-b76d-4002-a217-afffbb8aa308,bd6d6d89-b76d-4002-a217-afffbb8aa308,bd6d6d89-b76d-4002-a217-afffbb8aa308,Aluminium Profil,Alu unbeschichtet od. eloxiert (Sz. Knetleg zu Guss),RC+,CL+,0.75,,4.3,57cb5b00-3dd5-5e2a-820b-c5caec9fdaf1,cd60dac4-5dd7-5df1-b636-9950d605d527
Aluminiumblech,a4c1c27c-53a0-4027-83f6-88c52c758bb1,f0f13788-bc1b-44d4-9f37-082a6d22b432,a4c1c27c-53a0-4027-83f6-88c52c758bb1,a4c1c27c-53a0-4027-83f6-88c52c758bb1,a4c1c27c-53a0-4027-83f6-88c52c758bb1,a4c1c27c-53a0-4027-83f6-88c52c758bb1,a4c1c27c-53a0-4027-83f6-88c52c758bb1,a4c1c27c-53a0-4027-83f6-88c52c758bb1,Aluminiumblech,Alu unbeschichtet od. eloxiert (Sz. Knetleg zu Guss),RC+,CL+,0.75,,4.3,1bc5d063-0309-5001-8f6b-8d675a07d94f,cd60dac4-5dd7-5df1-b636-9950d605d527
"Aluminiumfolie (d=0,1 mm)",785d5ac4-c69d-4e00-941e-26433c1d023d,0fdc2fd3-fe48-499f-9158-74a6cc7185dc,785d5ac4-c69d-4e00-941e-26433c1d023d,785d5ac4-c69d-4e00-941e-26433c1d023d,785d5ac4-c69d-4e00-941e-26433c1d023d,785d5ac4-c69d-4e00-941e-26433c1d023d,785d5ac4-c69d-4e00-941e-26433c1d023d,785d5ac4-c69d-4e00-941e-26433c1d023d,"Aluminiumfolie (d=0,1 mm)",Alu-Folie,EB/Dep-,EB/Dep-,0,,4.3,357c52bf-1b38-5874-bc4c-7e75287266ea,eaec90d9-b3f9-5ad9-81f3-33f9ac3e202f
"Aluminium-Flügelrahmenprofil, pulverbeschichtet",66990642-726e-4483-abc3-d5d0b4d7a5e7,9c97e6bb-8e4a-4e6e-ad2f-773eeab50739,66990642-726e-4483-abc3-d5d0b4d7a5e7,66990642-726e-4483-abc3-d5d0b4d7a5e7,66990642-726e-4483-abc3-d5d0b4d7a5e7,66990642-726e-4483-abc3-d5d0b4d7a5e7,66990642-726e-4483-abc3-d5d0b4d7a5e7,66990642-726e-4483-abc3-d5d0b4d7a5e7,"Aluminium-Flügelrahmenprofil, pulverbeschichtet","Alurahmen, gedämmt ",CL+/RC-,CL+/RC-,1,,7.1,e4d9af20-1b90-5efc-8dd7-98aeefa0a6b1,b3df3abe-e57b-59ad-8466-6b92403c30a1
"Aluminium-Flügelrahmenprofil, thermisch getrennt, pulverbeschichtet",c1cacd2c-d98d-4795-84db-b567d25bb1ed,9c4e69a2-9c53-4c54-9c2f-027091116aa1,c1cacd2c-d98d-4795-84db-b567d25bb1ed,c1cacd2c-d98d-4795-84db-b567d25bb1ed,c1cacd2c-d98d-4795-84db-b567d25bb1ed,c1cacd2c-d98d-4795-84db-b567d25bb1ed,c1cacd2c-d98d-4795-84db-b567d25bb1ed,c1cacd2c-d98d-4795-84db-b567d25bb1ed,"Aluminium-Flügelrahmenprofil, thermisch getrennt, pulverbeschichtet","Alurahmen, gedämmt ",CL+/RC-,CL+/RC-,1,,7.1,2e037b13-4c5e-5096-b1b8-ab8630e53211,b3df3abe-e57b-59ad-8466-6b92403c30a1
"Aluminium-Rahmenprofil, pulverbeschichtet",8b3ee4e2-c086-41dc-bd07-e9e853f9da8b,aef3b8cd-c3b4-4e55-b2d1-0a3a131e7695,8b3ee4e2-c086-41dc-bd07-e9e853f9da8b,8b3ee4e2-c086-41dc-bd07-e9e853f9da8b,8b3ee4e2-c086-41dc-bd07-e9e853f9da8b,8b3ee4e2-c086-41dc-bd07-e9e853f9da8b,8b3ee4e2-c086-41dc-bd07-e9e853f9da8b,8b3ee4e2-c086-41dc-bd07-e9e853f9da8b,"Aluminium-Rahmenprofil, pulverbeschichtet","Alurahmen, gedämmt ",CL+/RC-,CL+/RC-,1,,7.1,166f9504-2f3d-5b34-9307-43dbb5c636b9,b3df3abe-e57b-59ad-8466-6b92403c30a1
"Aluminium-Rahmenprofil, thermisch getrennt, pulverbeschichtet",dfa64bbb-dc8d-497b-9557-300416b8448f,33403851-59e9-463e-b238-b17afefc9a08,dfa64bbb-dc8d-497b-9557-300416b8448f,dfa64bbb-dc8d-497b-9557-300416b8448f,dfa64bbb-dc8d-497b-9557-300416b8448f,dfa64bbb-dc8d-497b-9557-300416b8448f,dfa64bbb-dc8d-497b-9557-300416b8448f,dfa64bbb-dc8d-497b-9557-300416b8448f,"Aluminium-Rahmenprofil, thermisch getrennt, pulverbeschichtet","Alurahmen, gedämmt ",CL+/RC-,CL+/RC-,1,,7.1,22e813cf-704f-50f2-b489-7192828239c6,b3df3abe-e57b-59ad-8466-6b92403c30a1
Ammoniak (R717),nicht vorhanden,2b3bf368-34e6-4e7c-917e-6f455d4c4bb8,nicht vorhanden,nicht vorhanden,nicht vorhanden,nicht vorhanden,nicht vorhanden,nicht vorhanden,Ammoniak (R717),nicht eingestuft,n.e.,n.e.,n.e.,,8.2,02cc581c-835a-5225-a633-aa8c89157333,ef961829-1f5b-52ad-a6f7-8c77cea76d5c
Anhydrit (CaSO4),839771be-ab23-4873-8b14-b2aa0f6ce9d9,40355b42-e78f-4a8d-b351-786eca37d791,839771be-ab23-4873-8b14-b2aa0f6ce9d9,839771be-ab23-4873-8b14-b2aa0f6ce9d9,839771be-ab23-4873-8b14-b2aa0f6ce9d9,839771be-ab23-4873-8b14-b2aa0f6ce9d9,839771be-ab23-4873-8b14-b2aa0f6ce9d9,839771be-ab23-4873-8b14-b2aa0f6ce9d9,Anhydrit Mix,nicht eingestuft,n.e.,n.e.,n.e.,,1.1,1ca19765-1666-5810-af43-910f7f806091,ef961829-1f5b-52ad-a6f7-8c77cea76d5c
Armierung (Kunstharzspachtel),55a89d7b-b585-404f-be34-bb7285730a89,5c847387-b2b3-4ad5-8a11-e55488f957f6,55a89d7b-b585-404f-be34-bb7285730a89,55a89d7b-b585-404f-be34-bb7285730a89,55a89d7b-b585-404f-be34-bb7285730a89,55a89d7b-b585-404f-be34-bb7285730a89,55a89d7b-b585-404f-be34-bb7285730a89,55a89d7b-b585-404f-be34-bb7285730a89,Armierung (für Kunstharzspachtel),"Bitumenkaltkleber, Glasvlies, Glasfaserarmierung",EB,EB,0,,1.4,5b6a856c-6e11-5a19-b984-d93ba43d9cd4,839144f3-5e58-564e-befc-9eff0e5ec1aa
Asphaltbinder,6b6b68f8-34a4-4a0f-97ee-714bf106c3e0,3d1b480d-243f-4ff2-aa16-428e1a93f5d8,6b6b68f8-34a4-4a0f-97ee-714bf106c3e0,6b6b68f8-34a4-4a0f-97ee-714bf106c3e0,6b6b68f8-34a4-4a0f-97ee-714bf106c3e0,6b6b68f8-34a4-4a0f-97ee-714bf106c3e0,6b6b68f8-34a4-4a0f-97ee-714bf106c3e0,6b6b68f8-34a4-4a0f-97ee-714bf106c3e0,Asphaltbinder,nicht eingestuft,n.e.,n.e.,n.e.,,1.5,a816d58c-1f69-5c46-bff9-38927a9336fa,ef961829-1f5b-52ad-a6f7-8c77cea76d5c
Asphalttragschicht,85de02e5-2782-4050-9c01-c5de3849fbce,f34786e7-0953-4085-9f3d-955481cdd4ea,85de02e5-2782-4050-9c01-c5de3849fbce,85de02e5-2782-4050-9c01-c5de3849fbce,85de02e5-2782-4050-9c01-c5de3849fbce,85de02e5-2782-4050-9c01-c5de3849fbce,85de02e5-2782-4050-9c01-c5de3849fbce,85de02e5-2782-4050-9c01-c5de3849fbce,Asphalttragschicht - Hochbau,Asphalt (Hochbau),Dep+,CL+,0.75,,1.5,30da7ee7-4fcb-5a41-95e8-d4ba922043af,6b413e09-fd33-5f1f-8706-8a2293b95d1d
Asphalttragschicht,85de02e5-2782-4050-9c01-c5de3849fbce,f34786e7-0953-4085-9f3d-955481cdd4ea,85de02e5-2782-4050-9c01-c5de3849fbce,85de02e5-2782-4050-9c01-c5de3849fbce,85de02e5-2782-4050-9c01-c5de3849fbce,85de02e5-2782-4050-9c01-c5de3849fbce,85de02e5-2782-4050-9c01-c5de3849fbce,85de02e5-2782-4050-9c01-c5de3849fbce,Asphalttragschicht - Infrastruktur,Asphalt (Infrastrukturbau),RC+,CL+,0.75,,1.5,5766c319-634b-5601-8a29-63a5c68c4b69,fbd899e8-76f6-5810-9d88-25e263bfb9b1
Bade- und Duschwanne Acryl,nicht vorhanden,31b178fb-3403-4997-8d16-d59843d54bcd,nicht vorhanden,nicht vorhanden,nicht vorhanden,nicht vorhanden,nicht vorhanden,nicht vorhanden,Bade- und Duschwanne Acryl,nicht eingestuft,n.e.,n.e.,n.e.,,8.3,a315831f-a817-59a8-9a69-cba8131558e0,ef961829-1f5b-52ad-a6f7-8c77cea76d5c
Balkenschichtholz Nadelholz (generisch),ac361408-4ede-4ed2-a638-598ee3c53285,21500862-0dac-4cd2-b5bd-f6cb8d5b121b,ac361408-4ede-4ed2-a638-598ee3c53285,ac361408-4ede-4ed2-a638-598ee3c53285,ac361408-4ede-4ed2-a638-598ee3c53285,ac361408-4ede-4ed2-a638-598ee3c53285,ac361408-4ede-4ed2-a638-598ee3c53285,ac361408-4ede-4ed2-a638-598ee3c53285,"Balkenschichtholz Nadelholz - unbeschichtet, naturbelassen","Holz - massiv, naturbelassen",RC+,CL+,0.75,,3.1,3a51f86d-c6f0-53e7-89fd-c1ae0c174729,9410ab32-3758-5aaa-b196-b7ecd5ce0e30
Balkenschichtholz Nadelholz (generisch),ac361408-4ede-4ed2-a638-598ee3c53285,21500862-0dac-4cd2-b5bd-f6cb8d5b121b,ac361408-4ede-4ed2-a638-598ee3c53285,ac361408-4ede-4ed2-a638-598ee3c53285,ac361408-4ede-4ed2-a638-598ee3c53285,ac361408-4ede-4ed2-a638-598ee3c53285,ac361408-4ede-4ed2-a638-598ee3c53285,ac361408-4ede-4ed2-a638-598ee3c53285,Balkenschichtholz Nadelholz - beschichtet,"Holz - massiv, beschichtet",RC+,CL-,1,,3.1,6c0c7a70-23f1-5b10-8c62-d14714971aa3,3d7d45f8-3a73-5cc3-9a90-fbb8af1d34e7
Balkenschichtholz Nadelholz (generisch),ac361408-4ede-4ed2-a638-598ee3c53285,21500862-0dac-4cd2-b5bd-f6cb8d5b121b,ac361408-4ede-4ed2-a638-598ee3c53285,ac361408-4ede-4ed2-a638-598ee3c53285,ac361408-4ede-4ed2-a638-598ee3c53285,ac361408-4ede-4ed2-a638-598ee3c53285,ac361408-4ede-4ed2-a638-598ee3c53285,ac361408-4ede-4ed2-a638-598ee3c53285,Balkenschichtholz Nadelholz - Störst.kl. S4 (Neueinstuf.),"Holz - behandelt mit HSM , FSM oder Beschichtung schwermetallfrei und halogenorg. V. > 1 und <= 3 M %",EV-,EV-,0,,3.1,94147cf1-e78b-5c5b-be01-96a5e66d4d15,efdfd939-741f-5c54-9233-5a46152071bb
Baumwolle konventionell,206deb33-2710-417d-9b92-aa70c7958334,5747cdb6-fb7d-4fbf-b7ee-38647ee470c7,206deb33-2710-417d-9b92-aa70c7958334,206deb33-2710-417d-9b92-aa70c7958334,206deb33-2710-417d-9b92-aa70c7958334,206deb33-2710-417d-9b92-aa70c7958334,206deb33-2710-417d-9b92-aa70c7958334,206deb33-2710-417d-9b92-aa70c7958334,Baumwolle konventionell,nicht eingestuft,n.e.,n.e.,n.e.,,2.14,9cac6bd2-6ca0-5f99-855c-beabfc5339c8,ef961829-1f5b-52ad-a6f7-8c77cea76d5c
Baumwolle ökologisch,061f0d5b-61f4-476d-9f2e-96f6a6df7786,e4800e06-854a-4f09-9114-21340fd19af5,061f0d5b-61f4-476d-9f2e-96f6a6df7786,061f0d5b-61f4-476d-9f2e-96f6a6df7786,061f0d5b-61f4-476d-9f2e-96f6a6df7786,061f0d5b-61f4-476d-9f2e-96f6a6df7786,061f0d5b-61f4-476d-9f2e-96f6a6df7786,061f0d5b-61f4-476d-9f2e-96f6a6df7786,Baumwolle ökologisch,nicht eingestuft,n.e.,n.e.,n.e.,,2.14,db95170d-7c2e-5f72-a92f-dbc93124d8f1,ef961829-1f5b-52ad-a6f7-8c77cea76d5c
Befestigungsmittel/Schrauben Edelstahl,41ecf1e2-3edd-41ab-8616-68a856c815a5,8594fb05-4c10-4533-963a-7d1d28c7c148,41ecf1e2-3edd-41ab-8616-68a856c815a5,41ecf1e2-3edd-41ab-8616-68a856c815a5,41ecf1e2-3edd-41ab-8616-68a856c815a5,41ecf1e2-3edd-41ab-8616-68a856c815a5,41ecf1e2-3edd-41ab-8616-68a856c815a5,41ecf1e2-3edd-41ab-8616-68a856c815a5,Befestigungsmittel/Schrauben Edelstahl,nicht eingestuft,n.e.,n.e.,n.e.,,7.4,4d039fc7-7923-556b-8001-76d7ad420cee,ef961829-1f5b-52ad-a6f7-8c77cea76d5c
Befestigungsmittel/Schrauben verzinkt,b9c775be-d100-4d35-bdf3-c5964e655692,f9caaa66-88c9-4a65-8718-a15aec11fd8b,b9c775be-d100-4d35-bdf3-c5964e655692,b9c775be-d100-4d35-bdf3-c5964e655692,b9c775be-d100-4d35-bdf3-c5964e655692,b9c775be-d100-4d35-bdf3-c5964e655692,b9c775be-d100-4d35-bdf3-c5964e655692,b9c775be-d100-4d35-bdf3-c5964e655692,Befestigungsmittel/Schrauben verzinkt,nicht eingestuft,n.e.,n.e.,n.e.,,7.4,d6560bf3-5d29-50fe-9958-30bf42f39e2d,ef961829-1f5b-52ad-a6f7-8c77cea76d5c
Beschlagverbund Fenster Stahl,ea4ff1e8-4ee8-4ecf-8951-a79b5b60dd2a,b6e9b76b-5be6-4b7b-be40-c32da896190f,ea4ff1e8-4ee8-4ecf-8951-a79b5b60dd2a,ea4ff1e8-4ee8-4ecf-8951-a79b5b60dd2a,ea4ff1e8-4ee8-4ecf-8951-a79b5b60dd2a,ea4ff1e8-4ee8-4ecf-8951-a79b5b60dd2a,ea4ff1e8-4ee8-4ecf-8951-a79b5b60dd2a,ea4ff1e8-4ee8-4ecf-8951-a79b5b60dd2a,Beschlagverbund Fenster Stahl,nicht eingestuft,n.e.,n.e.,n.e.,,7.4,a69979bb-b2cc-5b59-9ed1-4113273f970c,ef961829-1f5b-52ad-a6f7-8c77cea76d5c
,,,,,,,,,Beton - Carbonfasern / Textilbeton,Beton - Carbonfasern,Dep-,Dep-,0,,1.3,2613cce3-7a3e-5289-b926-a00e9d033c83,702d44ca-cc40-5ca4-aa21-f14b87a71fac
"Betonfertigteil Decke, Dicke 20cm",9357b7fc-cf0a-45fc-8299-e794e3889a40,6575f9dd-8a50-440c-90df-30608167c739,9357b7fc-cf0a-45fc-8299-e794e3889a40,9357b7fc-cf0a-45fc-8299-e794e3889a40,9357b7fc-cf0a-45fc-8299-e794e3889a40,9357b7fc-cf0a-45fc-8299-e794e3889a40,9357b7fc-cf0a-45fc-8299-e794e3889a40,9357b7fc-cf0a-45fc-8299-e794e3889a40,"Betonfertigteil Decke 20cm - exkl. Bewehrung, Standard EoL",Beton Standard (ohne Bewehr.),RC+,RC+,1,,1.3,d95a3d57-4c29-5bc6-80d4-98e2d5454790,4b383842-2941-5c02-8d90-1ee95598cf55
"Betonfertigteil Decke, Dicke 20cm",9357b7fc-cf0a-45fc-8299-e794e3889a40,6575f9dd-8a50-440c-90df-30608167c739,9357b7fc-cf0a-45fc-8299-e794e3889a40,9357b7fc-cf0a-45fc-8299-e794e3889a40,9357b7fc-cf0a-45fc-8299-e794e3889a40,9357b7fc-cf0a-45fc-8299-e794e3889a40,9357b7fc-cf0a-45fc-8299-e794e3889a40,9357b7fc-cf0a-45fc-8299-e794e3889a40,"Betonfertigteil Decke 20cm - exkl. Bewehrung, Störst.kl. S4 (Neueinstufung)",Beton - Störstoffkl. S4 (ohne Bewehr.),SV,RC-,0.75,,1.3,d56642f7-4394-50b5-b6be-57dc7c59483f,4cca7b75-849e-59f9-b1e3-6efde0e7c9aa
"Betonfertigteil Treppe (1,1 m Breite, 9 Stufen a 16 cm)",ab0a0f3c-41f6-4b0a-a12c-f8bd0c8a4a23,2632f4e8-7671-4d87-a8bc-9defdb54d117,ab0a0f3c-41f6-4b0a-a12c-f8bd0c8a4a23,ab0a0f3c-41f6-4b0a-a12c-f8bd0c8a4a23,ab0a0f3c-41f6-4b0a-a12c-f8bd0c8a4a23,ab0a0f3c-41f6-4b0a-a12c-f8bd0c8a4a23,ab0a0f3c-41f6-4b0a-a12c-f8bd0c8a4a23,ab0a0f3c-41f6-4b0a-a12c-f8bd0c8a4a23,"Betonfertigteil Treppe (1,1 m Breite, 9 Stufen a 16 cm)  - exkl. Bewehrung, Standard EoL",Beton Standard (ohne Bewehr.),RC+,RC+,1,,1.3,d3f0cd0b-1927-58c3-9618-dde26ab1328a,4b383842-2941-5c02-8d90-1ee95598cf55
"Betonfertigteil Treppe (1,1 m Breite, 9 Stufen a 16 cm)",ab0a0f3c-41f6-4b0a-a12c-f8bd0c8a4a23,2632f4e8-7671-4d87-a8bc-9defdb54d117,ab0a0f3c-41f6-4b0a-a12c-f8bd0c8a4a23,ab0a0f3c-41f6-4b0a-a12c-f8bd0c8a4a23,ab0a0f3c-41f6-4b0a-a12c-f8bd0c8a4a23,ab0a0f3c-41f6-4b0a-a12c-f8bd0c8a4a23,ab0a0f3c-41f6-4b0a-a12c-f8bd0c8a4a23,ab0a0f3c-41f6-4b0a-a12c-f8bd0c8a4a23,"Betonfertigteil Treppe (1,1 m Breite, 9 Stufen a 16 cm)  - exkl. Bewehrung, Störst.kl. S4 (Neueinstufung)",Beton - Störstoffkl. S4 (ohne Bewehr.),SV,RC-,0.75,,1.3,6dbc5e87-27e8-5b3a-957b-4b7b20b6f5c2,4cca7b75-849e-59f9-b1e3-6efde0e7c9aa
"Betonfertigteil Wand, Dicke 12cm",b342696e-2ebb-4fe1-a71d-f3520db0cee9,4ee14334-d724-44ec-a819-92b35500453b,b342696e-2ebb-4fe1-a71d-f3520db0cee9,b342696e-2ebb-4fe1-a71d-f3520db0cee9,b342696e-2ebb-4fe1-a71d-f3520db0cee9,b342696e-2ebb-4fe1-a71d-f3520db0cee9,b342696e-2ebb-4fe1-a71d-f3520db0cee9,b342696e-2ebb-4fe1-a71d-f3520db0cee9,"Betonfertigteil Wand 12cm  - exkl. Bewehrung, Standard EoL",Beton Standard (ohne Bewehr.),RC+,RC+,1,,1.3,e65de908-fba9-5ad7-a76e-305e8e7937ca,4b383842-2941-5c02-8d90-1ee95598cf55
"Betonfertigteil Wand, Dicke 12cm",b342696e-2ebb-4fe1-a71d-f3520db0cee9,4ee14334-d724-44ec-a819-92b35500453b,b342696e-2ebb-4fe1-a71d-f3520db0cee9,b342696e-2ebb-4fe1-a71d-f3520db0cee9,b342696e-2ebb-4fe1-a71d-f3520db0cee9,b342696e-2ebb-4fe1-a71d-f3520db0cee9,b342696e-2ebb-4fe1-a71d-f3520db0cee9,b342696e-2ebb-4fe1-a71d-f3520db0cee9,"Betonfertigteil Wand 12cm  - exkl. Bewehrung, Störst.kl. S4 (Neueinstufung)",Beton - Störstoffkl. S4 (ohne Bewehr.),SV,RC-,0.75,,1.3,a7298663-6c08-5ccc-a15c-6e4b23ab10b0,4cca7b75-849e-59f9-b1e3-6efde0e7c9aa
Beton-Mauersteine,bdda4364-451f-4df2-a68b-5912469ee4c9,47583aa9-56d9-4b39-8cc3-e3513210dd17,bdda4364-451f-4df2-a68b-5912469ee4c9,bdda4364-451f-4df2-a68b-5912469ee4c9,bdda4364-451f-4df2-a68b-5912469ee4c9,bdda4364-451f-4df2-a68b-5912469ee4c9,bdda4364-451f-4df2-a68b-5912469ee4c9,bdda4364-451f-4df2-a68b-5912469ee4c9,Beton-Mauersteine - Standard EoL,Beton Standard (ohne Bewehr.),RC+,RC+,1,,1.3,a2ee65a1-799a-5278-84e5-3e1c8222f841,4b383842-2941-5c02-8d90-1ee95598cf55
Beton-Mauersteine,bdda4364-451f-4df2-a68b-5912469ee4c9,47583aa9-56d9-4b39-8cc3-e3513210dd17,bdda4364-451f-4df2-a68b-5912469ee4c9,bdda4364-451f-4df2-a68b-5912469ee4c9,bdda4364-451f-4df2-a68b-5912469ee4c9,bdda4364-451f-4df2-a68b-5912469ee4c9,bdda4364-451f-4df2-a68b-5912469ee4c9,bdda4364-451f-4df2-a68b-5912469ee4c9,Beton-Mauersteine - Störst.kl. S4 (Neueinstuf.),Beton - Störstoffkl. S4 (ohne Bewehr.),SV,RC-,0.75,,1.3,1cba4164-79a4-5fbe-b455-befe2b6e190f,4cca7b75-849e-59f9-b1e3-6efde0e7c9aa
"Betonrohr, bewehrt",5a1cbf92-ed39-4e8c-bd01-5463bffb3c9d,16e0f5b5-8090-4466-b303-7b8ae71110d8,5a1cbf92-ed39-4e8c-bd01-5463bffb3c9d,5a1cbf92-ed39-4e8c-bd01-5463bffb3c9d,5a1cbf92-ed39-4e8c-bd01-5463bffb3c9d,5a1cbf92-ed39-4e8c-bd01-5463bffb3c9d,5a1cbf92-ed39-4e8c-bd01-5463bffb3c9d,5a1cbf92-ed39-4e8c-bd01-5463bffb3c9d,"Betonrohr, bewehrt",Rohre,n.e.,n.e.,n.e.,,1.3,b9a2027c-e3b8-5c80-b0ed-ec7845790afc,29d0a6ce-0331-5a92-aef8-81d4b6a52ac9
"Betonrohr, unbewehrt",0eada728-b626-4f79-ba67-020635b4e67f,f421344b-6738-4e4a-82f3-10415fa9fc54,0eada728-b626-4f79-ba67-020635b4e67f,0eada728-b626-4f79-ba67-020635b4e67f,0eada728-b626-4f79-ba67-020635b4e67f,0eada728-b626-4f79-ba67-020635b4e67f,0eada728-b626-4f79-ba67-020635b4e67f,0eada728-b626-4f79-ba67-020635b4e67f,"Betonrohr, unbewehrt",Rohre,n.e.,n.e.,n.e.,,1.3,56114079-0376-5a65-9b15-9f9899324c18,29d0a6ce-0331-5a92-aef8-81d4b6a52ac9
Bewehrungsstahl,e9ae96ee-ba8d-420d-9725-7c8abd06e082,8565038f-5c21-48d7-94cb-958498ba9dd3,e9ae96ee-ba8d-420d-9725-7c8abd06e082,e9ae96ee-ba8d-420d-9725-7c8abd06e082,e9ae96ee-ba8d-420d-9725-7c8abd06e082,e9ae96ee-ba8d-420d-9725-7c8abd06e082,e9ae96ee-ba8d-420d-9725-7c8abd06e082,e9ae96ee-ba8d-420d-9725-7c8abd06e082,Bewehrungsstahl,Stahl - Bewehrung,CL+,CL+,1,,4.1,e3fb9723-c8da-536d-a655-fa6dea85a5cd,1bc79b3b-bf64-591a-8a60-969d8eff89b5
Bims Schotter,8de12467-96a0-459e-9f97-90e95fb7b23f,6d3a545c-07b1-4d65-8fa9-2574dca3f8d9,8de12467-96a0-459e-9f97-90e95fb7b23f,8de12467-96a0-459e-9f97-90e95fb7b23f,8de12467-96a0-459e-9f97-90e95fb7b23f,8de12467-96a0-459e-9f97-90e95fb7b23f,8de12467-96a0-459e-9f97-90e95fb7b23f,8de12467-96a0-459e-9f97-90e95fb7b23f,Naturbims Körnung,Bims / Blähschüttung,Dep+,RC+,0.75,,1.2,3176ca50-79df-5d8c-90b8-2fb2e8ee81d6,e0500551-6a94-5df0-a516-47a96d4da56c
Bims-Planstein (SFK-4),8f44840b-28ae-418b-bf12-fcac5b7c68b3,8aa75389-7865-41ad-9763-6252c5ab1fe5,8f44840b-28ae-418b-bf12-fcac5b7c68b3,8f44840b-28ae-418b-bf12-fcac5b7c68b3,8f44840b-28ae-418b-bf12-fcac5b7c68b3,8f44840b-28ae-418b-bf12-fcac5b7c68b3,8f44840b-28ae-418b-bf12-fcac5b7c68b3,8f44840b-28ae-418b-bf12-fcac5b7c68b3,Bims-Planstein (SFK-4),Leichtbeton - RC-Potenzial,SV,RC-,0.25,,1.3,e90e7c66-9a4a-5bb4-9624-d130f3e3832c,a0eac3e7-1984-5f87-bd1e-cf9784e6e124
Bimssand,81a76ff5-8928-4f71-8e1f-c7c78b7e5a95,050c82cc-9f07-48c2-a365-c41b1fa4fb1e,81a76ff5-8928-4f71-8e1f-c7c78b7e5a95,81a76ff5-8928-4f71-8e1f-c7c78b7e5a95,81a76ff5-8928-4f71-8e1f-c7c78b7e5a95,81a76ff5-8928-4f71-8e1f-c7c78b7e5a95,81a76ff5-8928-4f71-8e1f-c7c78b7e5a95,81a76ff5-8928-4f71-8e1f-c7c78b7e5a95,Bimssand,Bims / Blähschüttung,Dep+,RC+,0.75,,1.2,e7ce6cf2-105a-51c4-99c3-946a0adc05d8,e0500551-6a94-5df0-a516-47a96d4da56c
"Bitumen Emulsion (40% Bitumen, 60% Wasser)",a6b26cf9-3f9a-4abc-9412-87fdc0cdf3f6,49a70830-f0ff-4e1b-a0b7-4f4da313fa28,a6b26cf9-3f9a-4abc-9412-87fdc0cdf3f6,a6b26cf9-3f9a-4abc-9412-87fdc0cdf3f6,a6b26cf9-3f9a-4abc-9412-87fdc0cdf3f6,a6b26cf9-3f9a-4abc-9412-87fdc0cdf3f6,a6b26cf9-3f9a-4abc-9412-87fdc0cdf3f6,a6b26cf9-3f9a-4abc-9412-87fdc0cdf3f6,"Bitumen Emulsion (40% Bitumen, 60% Wasser)","Bitumenkaltkleber, Glasvlies, Glasfaserarmierung,..",EB,EB,0,,6.7,a4609927-302b-5cb4-931a-6b82bcecf0b5,e5e77647-3701-5819-81c0-aa8681bfd16f
"Bitumen Kaltkleber (60% Bitumen, 23%LM, 17% Wasser)",5ae00c4e-1b1c-4374-9864-2aee735a0563,57a01f9b-798f-4a5d-b476-bd20c7bd25bd,5ae00c4e-1b1c-4374-9864-2aee735a0563,5ae00c4e-1b1c-4374-9864-2aee735a0563,5ae00c4e-1b1c-4374-9864-2aee735a0563,5ae00c4e-1b1c-4374-9864-2aee735a0563,5ae00c4e-1b1c-4374-9864-2aee735a0563,5ae00c4e-1b1c-4374-9864-2aee735a0563,"Bitumen Kaltkleber (60% Bitumen, 23%LM, 17% Wasser)","Bitumenkaltkleber, Glasvlies, Glasfaserarmierung,..",EB,EB,0,,6.7,67a87d8d-28f6-531d-b813-1551fd332d3b,e5e77647-3701-5819-81c0-aa8681bfd16f
Bitumenbahnen G 200 S4,64da45fc-f415-4875-8a4e-7c23fe7a7aa9,bdf0a7e9-3fae-4780-b5ca-3d686c6d46d0,64da45fc-f415-4875-8a4e-7c23fe7a7aa9,64da45fc-f415-4875-8a4e-7c23fe7a7aa9,64da45fc-f415-4875-8a4e-7c23fe7a7aa9,64da45fc-f415-4875-8a4e-7c23fe7a7aa9,64da45fc-f415-4875-8a4e-7c23fe7a7aa9,64da45fc-f415-4875-8a4e-7c23fe7a7aa9,"Bitumenbahnen G 200 S4 (Glasgewebeeinl., Feinsand)",Bitubahn (ggf. mit Glasvlies),EV-,RC-,0.25,,6.3,00aa2876-b967-519a-a973-e19450cfe16b,69a5f0ea-0301-56a1-aa54-d2f1af420d1f
,,,,,,,,,Bitumenbahnen mit Alu oder Kupfer,"Bitubahn mit Metallverbund (Alu-, Cu-,..)",EB,EB,0,,6.3,88568ef9-2d9b-5053-85e1-17f8e8ea4df1,bdaf3eed-532b-545f-b791-a688d2a44195
Bitumenbahnen PYE PV 200 S5 (ungeschiefert),ff9336ea-fb7f-4299-8a40-5e9a28538c85,654c37c4-8967-4eae-b10c-9574b39a3308,ff9336ea-fb7f-4299-8a40-5e9a28538c85,ff9336ea-fb7f-4299-8a40-5e9a28538c85,ff9336ea-fb7f-4299-8a40-5e9a28538c85,ff9336ea-fb7f-4299-8a40-5e9a28538c85,ff9336ea-fb7f-4299-8a40-5e9a28538c85,ff9336ea-fb7f-4299-8a40-5e9a28538c85,Bitumenbahnen PYE PV 200 S5 (ungeschiefert) (Polyestervlies),Bitubahn (ggf. mit Glasvlies),EV-,RC-,0.25,,6.3,ca2d2c62-82d8-529c-a0db-95a226fff169,69a5f0ea-0301-56a1-aa54-d2f1af420d1f
Bitumenbahnen PYE-PV 200 S5 ns (geschiefert),d56bd904-09a0-4d30-bdbe-5d4f892cc12b,547d0037-2ebd-40ef-b2a5-1d742afc2851,d56bd904-09a0-4d30-bdbe-5d4f892cc12b,d56bd904-09a0-4d30-bdbe-5d4f892cc12b,d56bd904-09a0-4d30-bdbe-5d4f892cc12b,d56bd904-09a0-4d30-bdbe-5d4f892cc12b,d56bd904-09a0-4d30-bdbe-5d4f892cc12b,d56bd904-09a0-4d30-bdbe-5d4f892cc12b,Bitumenbahnen PYE-PV 200 S5 ns (geschiefert) (Polyestervlies),Bitubahn (ggf. mit Glasvlies),EV-,RC-,0.25,,6.3,0482f3bd-9b3e-513c-abb8-5386ffe268c9,69a5f0ea-0301-56a1-aa54-d2f1af420d1f
Bitumenbahnen V 60,73d1c1b7-d509-44c8-8518-848babdd7c01,da3f32e3-7b0d-44f2-ba03-8dd93aa94f75,73d1c1b7-d509-44c8-8518-848babdd7c01,73d1c1b7-d509-44c8-8518-848babdd7c01,73d1c1b7-d509-44c8-8518-848babdd7c01,73d1c1b7-d509-44c8-8518-848babdd7c01,73d1c1b7-d509-44c8-8518-848babdd7c01,73d1c1b7-d509-44c8-8518-848babdd7c01,"Bitumenbahnen V 60 (Glasvlies, bestreut)",Bitubahn (ggf. mit Glasvlies),EV-,RC-,0.25,,6.3,f6a9e829-235b-5f45-9d7b-313096f71af8,69a5f0ea-0301-56a1-aa54-d2f1af420d1f
Bitumenverträgliche Polyisobutylen (PIB) Kunststoffdachbahn,nicht vorhanden,b6e523cc-d329-49fb-b138-af531552862f,nicht vorhanden,nicht vorhanden,nicht vorhanden,nicht vorhanden,nicht vorhanden,nicht vorhanden,Polyisobutylen (PIB) Kunststoffdachbahn,KSTBahn,EV-,EV-,0,,,18009e82-d8bd-5f7d-b522-32fa2d07fe32,86ed5129-3add-5340-b23e-868c6cf8eb9b
Blähglas Granulat,e2306538-776d-4bc5-ae3b-1c920fb40285,03df95b7-c807-461d-a163-56a98528d8e8,e2306538-776d-4bc5-ae3b-1c920fb40285,e2306538-776d-4bc5-ae3b-1c920fb40285,e2306538-776d-4bc5-ae3b-1c920fb40285,e2306538-776d-4bc5-ae3b-1c920fb40285,e2306538-776d-4bc5-ae3b-1c920fb40285,e2306538-776d-4bc5-ae3b-1c920fb40285,Blähglas Körnung,Bims / Blähschüttung,Dep+,RC+,0.75,,1.2,14528821-c2c0-526b-a06f-d2665cc7ab0d,e0500551-6a94-5df0-a516-47a96d4da56c
,,,,,,,,,Blähglasgranulatplatte,Leichtbeton - best case,SV,RC-,0.25,,2.6,0bc101cf-151b-50e9-b178-3878c59ec7ea,b1a3d7f8-33c5-541e-8108-341ee2a80a65
,,,,,,,,,Blähperlit-Platten,Mineralplatte,Dep+,SV,0.75,,2.8,dcce4098-2413-55fe-8546-a221815a0b06,0840d37c-a225-5898-a9b5-6ccebe6ac846
Blähschiefer,b76ded67-067b-47f6-b131-a73db86039b0,d908dcf0-4db3-4f92-be60-79c6f5183aca,b76ded67-067b-47f6-b131-a73db86039b0,b76ded67-067b-47f6-b131-a73db86039b0,b76ded67-067b-47f6-b131-a73db86039b0,b76ded67-067b-47f6-b131-a73db86039b0,b76ded67-067b-47f6-b131-a73db86039b0,b76ded67-067b-47f6-b131-a73db86039b0,Blähschiefer,Bims / Blähschüttung,Dep+,RC+,0.75,,1.2,f7d63a79-e766-5768-9768-3dc32be35be8,e0500551-6a94-5df0-a516-47a96d4da56c
Blähton Granulat,f70e7397-ab7b-47c8-a172-6992a615ee2e,d5df3d3b-abfa-4ba9-9ec0-60e7fe21b72a,f70e7397-ab7b-47c8-a172-6992a615ee2e,f70e7397-ab7b-47c8-a172-6992a615ee2e,f70e7397-ab7b-47c8-a172-6992a615ee2e,f70e7397-ab7b-47c8-a172-6992a615ee2e,f70e7397-ab7b-47c8-a172-6992a615ee2e,f70e7397-ab7b-47c8-a172-6992a615ee2e,Blähton Körnung,Bims / Blähschüttung,Dep+,RC+,0.75,,1.2,c0b13be6-bdab-544e-be5a-4d7c58e72fd4,e0500551-6a94-5df0-a516-47a96d4da56c
Blähton LB Hohlblockstein Trennwand,c7e171fb-d5eb-4867-9fb2-961dec81d6aa,b5559dc3-d47d-4b11-b3bd-e8b7531ffe61,c7e171fb-d5eb-4867-9fb2-961dec81d6aa,c7e171fb-d5eb-4867-9fb2-961dec81d6aa,c7e171fb-d5eb-4867-9fb2-961dec81d6aa,c7e171fb-d5eb-4867-9fb2-961dec81d6aa,c7e171fb-d5eb-4867-9fb2-961dec81d6aa,c7e171fb-d5eb-4867-9fb2-961dec81d6aa,Blähton LB Hohlblockstein Trennwand,Leichtbeton - RC-Potenzial,SV,RC-,0.25,,1.3,a48b4782-52fa-56ad-9f0c-f68221b8e73b,a0eac3e7-1984-5f87-bd1e-cf9784e6e124
Blähton LB Planstein Außenwand,21a40e8f-3897-4465-975b-81b6370936fb,733f56d5-e70e-4140-9741-63389e3685c2,21a40e8f-3897-4465-975b-81b6370936fb,21a40e8f-3897-4465-975b-81b6370936fb,21a40e8f-3897-4465-975b-81b6370936fb,21a40e8f-3897-4465-975b-81b6370936fb,21a40e8f-3897-4465-975b-81b6370936fb,21a40e8f-3897-4465-975b-81b6370936fb,Blähton LB Planstein Außenwand,Leichtbeton - best case,SV,RC-,0.25,,1.3,93864350-da7c-52e1-83a6-91a86af85400,b1a3d7f8-33c5-541e-8108-341ee2a80a65
Blähton LB Planstein Innenwand,1b978129-dd5e-45ea-9c82-1c3510e9c965,854bc861-2582-426b-a138-b483a7493a21,1b978129-dd5e-45ea-9c82-1c3510e9c965,1b978129-dd5e-45ea-9c82-1c3510e9c965,1b978129-dd5e-45ea-9c82-1c3510e9c965,1b978129-dd5e-45ea-9c82-1c3510e9c965,1b978129-dd5e-45ea-9c82-1c3510e9c965,1b978129-dd5e-45ea-9c82-1c3510e9c965,Blähton LB Planstein Innenwand,Leichtbeton - worst case,Dep+,SV,0.75,,1.3,90718ffe-2ea5-52d0-9346-209d0751b472,5664a8f6-2466-5df7-8bcd-036e4f2376e4
Blähton Sand,3749834e-307f-4cb2-b903-4ef4bd463446,008280d2-302f-4735-b845-1b3af6f14151,3749834e-307f-4cb2-b903-4ef4bd463446,3749834e-307f-4cb2-b903-4ef4bd463446,3749834e-307f-4cb2-b903-4ef4bd463446,3749834e-307f-4cb2-b903-4ef4bd463446,3749834e-307f-4cb2-b903-4ef4bd463446,3749834e-307f-4cb2-b903-4ef4bd463446,Blähton Sand,Bims / Blähschüttung,Dep+,RC+,0.75,,1.2,7dc0b61a-676a-5a95-9249-2689a312a75e,e0500551-6a94-5df0-a516-47a96d4da56c
Blendrahmen PVC-U,nicht vorhanden,de4d3046-fd0c-479f-a1a6-ae13a9092fc7,nicht vorhanden,nicht vorhanden,nicht vorhanden,nicht vorhanden,nicht vorhanden,nicht vorhanden,Blendrahmen PVC-U,PVC hart,SV,SV,0,,7.1,ce615d99-8e7b-521c-a532-6d531875cd8d,ea5dbded-5c1b-5d58-acb1-01de359273cc
Brandschutzglas F30,nicht vorhanden,1da7a0ab-1204-4ee6-b8fe-77a28f642f0d,nicht vorhanden,nicht vorhanden,nicht vorhanden,nicht vorhanden,nicht vorhanden,nicht vorhanden,Brandschutzglas F30,Brandschutzverglasung,RC-,RC+,0.5,,,6c461bb6-ed09-55fe-9b58-4a71b6cbab0f,89016cb0-7536-587a-97dd-cec910492b15
Brechsand 0/2,a4d16918-287f-43af-831d-baf80093fe4a,becd932f-899e-4b1b-962c-64ea26c51be0,a4d16918-287f-43af-831d-baf80093fe4a,a4d16918-287f-43af-831d-baf80093fe4a,a4d16918-287f-43af-831d-baf80093fe4a,a4d16918-287f-43af-831d-baf80093fe4a,a4d16918-287f-43af-831d-baf80093fe4a,a4d16918-287f-43af-831d-baf80093fe4a,Brechsand 0/2,Sand,CL+,CL+,1,,1.2,d5491e93-83b6-57a4-8124-0970bbeb5d21,4966d3f4-3908-5abd-93ee-dfe82413e11a
Brechsand 0/2 (getrocknet),230cd2c6-0b79-461b-b51a-d092e66843ca,6d5a2172-9fb7-4dc6-914a-5cd09d6afdbd,230cd2c6-0b79-461b-b51a-d092e66843ca,230cd2c6-0b79-461b-b51a-d092e66843ca,230cd2c6-0b79-461b-b51a-d092e66843ca,230cd2c6-0b79-461b-b51a-d092e66843ca,230cd2c6-0b79-461b-b51a-d092e66843ca,230cd2c6-0b79-461b-b51a-d092e66843ca,Brechsand 0/2 (getrocknet),Sand,CL+,CL+,1,,1.2,9856d4c7-6f1e-5032-978f-f9badf167925,4966d3f4-3908-5abd-93ee-dfe82413e11a
Brettschichtholz Nadelholz (generisch),8041ec07-5885-40dc-bfc9-190013f6749b,c816b036-6bdf-48e5-8ef8-a76d7872f589,8041ec07-5885-40dc-bfc9-190013f6749b,8041ec07-5885-40dc-bfc9-190013f6749b,8041ec07-5885-40dc-bfc9-190013f6749b,8041ec07-5885-40dc-bfc9-190013f6749b,8041ec07-5885-40dc-bfc9-190013f6749b,8041ec07-5885-40dc-bfc9-190013f6749b,Brettschichtholz Nadelholz,"Holz - massiv, naturbelassen",RC+,CL+,0.75,,3.1,098c2c66-2f9e-5a2c-b74b-9a2d64af22cb,9410ab32-3758-5aaa-b196-b7ecd5ce0e30
,,,,,,,,,Brettsperrholz,"Holz - massiv, naturbelassen",RC+,CL+,0.75,,3.1,f9f23557-7133-5913-bb4c-7e6ab581574b,9410ab32-3758-5aaa-b196-b7ecd5ce0e30
Calziumsilikatplatte,6405878c-ed34-4bee-b100-5208a3212ec6,e76bbf03-1aa3-4ebd-90b9-8abfeabb9766,6405878c-ed34-4bee-b100-5208a3212ec6,6405878c-ed34-4bee-b100-5208a3212ec6,6405878c-ed34-4bee-b100-5208a3212ec6,6405878c-ed34-4bee-b100-5208a3212ec6,6405878c-ed34-4bee-b100-5208a3212ec6,6405878c-ed34-4bee-b100-5208a3212ec6,Calciumsilikatplatte,Mineralplatte,Dep+,SV,0.75,,2.2,c04a272f-67f4-572a-aaa9-7a743ba7a1c3,0840d37c-a225-5898-a9b5-6ccebe6ac846
Calciumsulfatestrich,34d3bb5e-f241-45b4-b257-123281364d97,8e1613f4-ef3e-4f4e-b337-c755c08cad6b,34d3bb5e-f241-45b4-b257-123281364d97,34d3bb5e-f241-45b4-b257-123281364d97,34d3bb5e-f241-45b4-b257-123281364d97,34d3bb5e-f241-45b4-b257-123281364d97,34d3bb5e-f241-45b4-b257-123281364d97,34d3bb5e-f241-45b4-b257-123281364d97,Calciumsulfatestrich,Estrich CA - Anhydritestrich,Dep+,RC-,0.25,,1.4,dac86d9f-d257-52ce-9fa3-028a8509a586,f7b7d23c-f351-54ee-ad62-29800e8558df
Chlorodifluormethan (R22),nicht vorhanden,3e5bc771-47de-4d5f-b01c-d64eec397dce,nicht vorhanden,nicht vorhanden,nicht vorhanden,nicht vorhanden,nicht vorhanden,nicht vorhanden,Chlorodifluormethan (R22),nicht eingestuft,n.e.,n.e.,n.e.,,8.2,b2374733-5db7-5136-a9ad-f35aa9cb5be9,ef961829-1f5b-52ad-a6f7-8c77cea76d5c
CR Profil (Chloropren-Kautschuk),nicht vorhanden,2dc5d1cf-ffce-42c2-a127-f412f3ef5fe2,nicht vorhanden,nicht vorhanden,nicht vorhanden,nicht vorhanden,nicht vorhanden,nicht vorhanden,CR Profil (Chloropren-Kautschuk),KSTProfil (Halog),EB,EB,0,,7.3,2211c2b2-8ba2-5ad3-b9e9-df1b330b0240,dffaed69-9268-5396-8585-26bb600c0c38
Dachbahnen EPDM,341e2e42-dab2-427b-86f6-a80c701b6071,48a0f50e-6dd0-4495-b0a4-210315b06680,341e2e42-dab2-427b-86f6-a80c701b6071,341e2e42-dab2-427b-86f6-a80c701b6071,341e2e42-dab2-427b-86f6-a80c701b6071,341e2e42-dab2-427b-86f6-a80c701b6071,341e2e42-dab2-427b-86f6-a80c701b6071,341e2e42-dab2-427b-86f6-a80c701b6071,Dachbahnen EPDM,KSTBahn,EV-,EV-,0,,6.3,adc78ebb-0852-530c-aa9c-fd574ba51c11,86ed5129-3add-5340-b23e-868c6cf8eb9b
1.3.11. Dachsteine (Beton),nicht vorhanden,ddc288f0-8ce4-4249-b386-74b15fb1b63a,nicht vorhanden,nicht vorhanden,nicht vorhanden,nicht vorhanden,nicht vorhanden,nicht vorhanden,Dachsteine / Beton-,Betondachstein,RC+,RC+,1,,,550d3957-053c-5507-a6f1-5c59dd1489db,c6ececa1-d392-518c-820a-75e41b949414
Dachziegel,826fa2c2-c691-4844-83d3-aea0e8a54bcd,700f0fa1-6870-40b3-af87-692b103a61a2,826fa2c2-c691-4844-83d3-aea0e8a54bcd,826fa2c2-c691-4844-83d3-aea0e8a54bcd,826fa2c2-c691-4844-83d3-aea0e8a54bcd,826fa2c2-c691-4844-83d3-aea0e8a54bcd,826fa2c2-c691-4844-83d3-aea0e8a54bcd,826fa2c2-c691-4844-83d3-aea0e8a54bcd,Dachziegel / Ton-,Tondachziegel,RC+,RC+,1,,1.3,bcd02901-eab5-5554-a65f-1b603f7824e4,1a567b55-9885-5c84-9dc2-af4fe35ae28c
Dampfbremse PA,4bb6f0f6-178c-41e0-8700-bd597f23ccb8,d6eec5bf-7727-46ab-b1de-62ac94b90016,4bb6f0f6-178c-41e0-8700-bd597f23ccb8,4bb6f0f6-178c-41e0-8700-bd597f23ccb8,4bb6f0f6-178c-41e0-8700-bd597f23ccb8,4bb6f0f6-178c-41e0-8700-bd597f23ccb8,4bb6f0f6-178c-41e0-8700-bd597f23ccb8,4bb6f0f6-178c-41e0-8700-bd597f23ccb8,Dampfbremse PA,KSTBahn,EV-,EV-,0,,6.6,bcac08fc-833f-5c06-ba5b-a0da98add16b,86ed5129-3add-5340-b23e-868c6cf8eb9b
Dampfbremse PE,99792cbc-c5f4-4d2d-bc9e-3790509891a0,7b949ae4-3793-4670-86d8-241578803aa2,99792cbc-c5f4-4d2d-bc9e-3790509891a0,99792cbc-c5f4-4d2d-bc9e-3790509891a0,99792cbc-c5f4-4d2d-bc9e-3790509891a0,99792cbc-c5f4-4d2d-bc9e-3790509891a0,99792cbc-c5f4-4d2d-bc9e-3790509891a0,99792cbc-c5f4-4d2d-bc9e-3790509891a0,Dampfbremse PE,KSTBahn,EV-,EV-,0,,6.6,50b8633a-d6a6-5492-91c5-dd8de7288b5c,86ed5129-3add-5340-b23e-868c6cf8eb9b
Dampfbremse PET gitterverstärkt,bc50a404-ddf0-4f37-b62f-95130786b004,b86a5061-4138-4a1a-889d-0c53f4868f49,bc50a404-ddf0-4f37-b62f-95130786b004,bc50a404-ddf0-4f37-b62f-95130786b004,bc50a404-ddf0-4f37-b62f-95130786b004,bc50a404-ddf0-4f37-b62f-95130786b004,bc50a404-ddf0-4f37-b62f-95130786b004,bc50a404-ddf0-4f37-b62f-95130786b004,Dampfbremse PET gitterverstärkt,KSTBahn,EV-,EV-,0,,6.6,c0497904-c051-5f7f-b604-9002b7d10995,86ed5129-3add-5340-b23e-868c6cf8eb9b
,,,,,,,,,DFF: Alu-Holz-Komposit-Rahmen [kg/m² Rahmen],"Holz-Alu-Rahmen, Regelvermutung HSM",EV+,EV+,0,,7.1,106a6121-6369-5e7c-ad15-0022cf801258,1f1a4e28-2d8b-5def-afa1-0628d3aa2ca6
,,,,,,,,,DFF: Alu-Holz-Komposit-Rahmen [kg/m² Rahmen] ohne HSM,"Holz-Alu-Rahmen, Nachweis kein HSM",RC-,RC+,0.75,,7.1,4f1ae750-d287-5c2b-8fd1-1045e243d3bc,e9ea3a55-7903-52b5-b928-0a096eb6c878
,,,,,,,,,DFF: Alu-Kunststoff-Komposit [kg/m² Rahmen],PVC hart,SV,SV,0,,7.1,8ceb0bf9-a387-5a34-9ed2-70b987ed70d5,ea5dbded-5c1b-5d58-acb1-01de359273cc
,,,,,,,,,"DFF: Aluminiumrahmen, gedämmt [kg/m² Rahmen]","Alurahmen, gedämmt ",CL+/RC-,CL+/RC-,1,,7.1,b8d5a74f-f8b4-58aa-a1a0-bfce68865f9b,b3df3abe-e57b-59ad-8466-6b92403c30a1
,,,,,,,,,"DFF: Holzrahmen Fichte, beschichtet [kg/m² Rahmen]",Holzrahmen,EV+,EV+,0,,7.1,9431cc36-c9e6-5d1c-b639-c6cf24bdf176,1db95e34-b4d0-51f6-a1b7-84bf792a1d6a
,,,,,,,,,"DFF: Holzrahmen Lärche, beschichtet [kg/m² Rahmen]",Holzrahmen,EV+,EV+,0,,7.1,42e192cf-8c30-5cbe-914d-d1e1a2d0bf54,1db95e34-b4d0-51f6-a1b7-84bf792a1d6a
,,,,,,,,,DFF: Kunststoffrahmen PVC  [kg/m² Rahmen],PVC hart,SV,SV,0,,7.1,c5147c75-e315-5e6a-a1d5-c57ef2f343c2,ea5dbded-5c1b-5d58-acb1-01de359273cc
Dichtmasse auf Polysulfidbasis,nicht vorhanden,f177c28d-ecc0-45a7-bd56-016c39983102,nicht vorhanden,nicht vorhanden,nicht vorhanden,nicht vorhanden,nicht vorhanden,nicht vorhanden,Dichtmasse auf Polysulfidbasis,nicht eingestuft,n.e.,n.e.,n.e.,,,11bc22d1-90c7-5e8c-9596-38406fdd47b4,ef961829-1f5b-52ad-a6f7-8c77cea76d5c
Difluormethan (R32),nicht vorhanden,2be89e89-3c8e-46cf-9315-2faeecec2ad0,nicht vorhanden,nicht vorhanden,nicht vorhanden,nicht vorhanden,nicht vorhanden,nicht vorhanden,Difluormethan (R32),nicht eingestuft,n.e.,n.e.,n.e.,,8.2,22d1f74e-da82-5ae6-b566-b18162b6e249,ef961829-1f5b-52ad-a6f7-8c77cea76d5c
Dispersionsputz,nicht vorhanden,be24a0a5-c3ca-4995-b363-653f3e3f5df2,nicht vorhanden,nicht vorhanden,nicht vorhanden,nicht vorhanden,nicht vorhanden,nicht vorhanden,Dispersionsputz,WDVS - Putz etc.,Dep-,Dep-,0,,,d993f585-5d1e-55f1-bac3-7360f94e00cc,d94ae704-584d-5d54-b209-c4be2f6a0187
Dreifachverglasung,nicht vorhanden,6eaddefb-7a0f-43e4-a0cb-8459c26e0947,nicht vorhanden,nicht vorhanden,nicht vorhanden,nicht vorhanden,nicht vorhanden,nicht vorhanden,Dreifachverglasung,Wärmeschutzverglasung,RC-,RC+,0.5,,7.2,ddbb4ec8-2204-5c3c-8bce-1ad061e2c4cd,a1881693-d924-5502-8d5a-0e7bde7f0533
Drei-Schichtholzplatte (generisch),41a60838-5c4e-4dbb-8a36-16cfc8fba26f,f48f168d-149c-4683-8a34-20dba05efe58,41a60838-5c4e-4dbb-8a36-16cfc8fba26f,41a60838-5c4e-4dbb-8a36-16cfc8fba26f,41a60838-5c4e-4dbb-8a36-16cfc8fba26f,41a60838-5c4e-4dbb-8a36-16cfc8fba26f,41a60838-5c4e-4dbb-8a36-16cfc8fba26f,41a60838-5c4e-4dbb-8a36-16cfc8fba26f,Drei-Schichtholzplatte,Holzwerkstoff - nicht beschichtet,RC+,RC+,1,,3.2,122d2baa-3473-58b0-9738-ebad16c01c28,58073859-ef5c-5b3b-9210-ac5abb6a6175
ECB Kunststoff-Dachbahn nach DIN 16729 (mit PES Vlies),aaf4baca-7530-435b-8736-0bd3bb51e36d,ec2ec7ad-8fe1-45c0-b767-8e6b6467ea3d,aaf4baca-7530-435b-8736-0bd3bb51e36d,aaf4baca-7530-435b-8736-0bd3bb51e36d,aaf4baca-7530-435b-8736-0bd3bb51e36d,aaf4baca-7530-435b-8736-0bd3bb51e36d,aaf4baca-7530-435b-8736-0bd3bb51e36d,aaf4baca-7530-435b-8736-0bd3bb51e36d,ECB Kunststoff-Dachbahn nach DIN 16729 (mit PES Vlies),KSTBahn,EV-,EV-,0,,6.3,0f3de0b4-fd6e-5f11-8c2c-e4d7e1fdda9c,86ed5129-3add-5340-b23e-868c6cf8eb9b
Edelstahlblech,88559403-7658-48f2-bac9-7986b4d0f4c2,649fd5c6-2c2d-47d9-9a1a-a567673c9fd0,88559403-7658-48f2-bac9-7986b4d0f4c2,88559403-7658-48f2-bac9-7986b4d0f4c2,88559403-7658-48f2-bac9-7986b4d0f4c2,88559403-7658-48f2-bac9-7986b4d0f4c2,88559403-7658-48f2-bac9-7986b4d0f4c2,88559403-7658-48f2-bac9-7986b4d0f4c2,Edelstahlblech,Edelstahl,CL+,CL+,1,,4.2,1577a92c-91a6-50a1-b9c6-a1de31a269ba,2488d460-bf8d-5639-9b4f-c5e6cba37916
Edelstahl-Trinkwasserrohr,4d37d8f4-13db-418d-820d-5cf08f050eff,d8d0942a-0c4e-49e0-bd78-abc84a41fd80,4d37d8f4-13db-418d-820d-5cf08f050eff,4d37d8f4-13db-418d-820d-5cf08f050eff,4d37d8f4-13db-418d-820d-5cf08f050eff,4d37d8f4-13db-418d-820d-5cf08f050eff,4d37d8f4-13db-418d-820d-5cf08f050eff,4d37d8f4-13db-418d-820d-5cf08f050eff,Edelstahl Trinkwasserrohr,nicht eingestuft,n.e.,n.e.,n.e.,,4.2,93bbf07c-e97b-58ef-92d3-7e50d846ee17,ef961829-1f5b-52ad-a6f7-8c77cea76d5c
Einblasdämmung Mineralwolle,601af947-1f14-474d-8233-780715a12268,b3abdd33-34fc-473a-a235-218cfd601c8e,601af947-1f14-474d-8233-780715a12268,601af947-1f14-474d-8233-780715a12268,601af947-1f14-474d-8233-780715a12268,601af947-1f14-474d-8233-780715a12268,601af947-1f14-474d-8233-780715a12268,601af947-1f14-474d-8233-780715a12268,Einblasdämmung Mineralwolle Rho 50 kg/m³,Mineralwolle Glaswolle,Dep-,SV,0.75,,2.1,a7b2c1d7-8a63-5d0f-9b50-1f5a7c0ee63d,b725c20b-0bac-503e-b96f-9bd8af24ee08
,,,,,,,,,Elastomer-Dachbahnen,KSTBahn,EV-,EV-,0,,6.3,4b7fda1a-281c-56ee-a0f6-7114ff6a1515,86ed5129-3add-5340-b23e-868c6cf8eb9b
"Elastomer Fugenbänder, Polysulfid",nicht vorhanden,d889ff72-db8d-4d94-872a-77f7f839aab9,nicht vorhanden,nicht vorhanden,nicht vorhanden,nicht vorhanden,nicht vorhanden,nicht vorhanden,"Elastomer Fugenbänder, Polysulfid",nicht eingestuft,n.e.,n.e.,n.e.,,7.3,791af044-7c6b-5a5d-aa03-be91f525e980,ef961829-1f5b-52ad-a6f7-8c77cea76d5c
"Elastomer Fugenbänder, Polyurethan",nicht vorhanden,19dc7f68-bf0a-4437-b1c1-2dd997d16632,nicht vorhanden,nicht vorhanden,nicht vorhanden,nicht vorhanden,nicht vorhanden,nicht vorhanden,"Elastomer Fugenbänder, Polyurethan",nicht eingestuft,n.e.,n.e.,n.e.,,7.3,d005745e-aad6-5204-9fa7-8ef62b8bae75,ef961829-1f5b-52ad-a6f7-8c77cea76d5c
"Elastomer Fugenbänder, Silikonkautschuk",nicht vorhanden,e39f8b09-c362-4a42-a96a-1a192c0899a3,nicht vorhanden,nicht vorhanden,nicht vorhanden,nicht vorhanden,nicht vorhanden,nicht vorhanden,"Elastomer Fugenbänder, Silikonkautschuk",nicht eingestuft,n.e.,n.e.,n.e.,,7.3,8ce934d0-edd7-54b0-98e8-bc22c3b8ccb9,ef961829-1f5b-52ad-a6f7-8c77cea76d5c
Elektrischer Durchlauferhitzer (21 kW),nicht vorhanden,bd992ce2-8dd4-4af5-bca1-72dcbf2b5506,nicht vorhanden,nicht vorhanden,nicht vorhanden,nicht vorhanden,nicht vorhanden,nicht vorhanden,Elektrischer Durchlauferhitzer (21 kW),nicht eingestuft,n.e.,n.e.,n.e.,,8.1,53f83039-d6e5-52f3-80d3-b1b0e828e9bf,ef961829-1f5b-52ad-a6f7-8c77cea76d5c
Eloxieren von Aluminiumblech,nicht vorhanden,e9920105-0f1a-4452-9a08-47289dc04116,nicht vorhanden,nicht vorhanden,nicht vorhanden,nicht vorhanden,nicht vorhanden,nicht vorhanden,Eloxieren von Aluminiumblech,Prozess,n.e.,n.e.,n.e.,,4.7,b1cfdfaf-c9fd-5c2b-b791-2857585e8cf2,a7c7ef05-e65e-53af-98cc-1b35487c2417
EPDM Schaum (Rohrisolierung),nicht vorhanden,fb2fb3cd-df97-4077-99fd-082117ba81f6,nicht vorhanden,nicht vorhanden,nicht vorhanden,nicht vorhanden,nicht vorhanden,nicht vorhanden,EPDM Schaum (Rohrisolierung),nicht eingestuft,n.e.,n.e.,n.e.,,8.1,8db09a64-13e6-55e0-843e-1ef2fbd198f5,ef961829-1f5b-52ad-a6f7-8c77cea76d5c
"EPDM-Dichtungen Aluminiumprofil, thermisch getrennt",nicht vorhanden,f0b03a7a-06f1-45c9-9597-e6c60907f3e0,nicht vorhanden,nicht vorhanden,nicht vorhanden,nicht vorhanden,nicht vorhanden,nicht vorhanden,"EPDM-Dichtungen Aluminiumprofil, thermisch getrennt",nicht eingestuft,n.e.,n.e.,n.e.,,7.3,c719dd45-e8e1-5423-9ae2-9c9c910af8b6,ef961829-1f5b-52ad-a6f7-8c77cea76d5c
EPDM-Dichtungen für Aluminiumprofil,nicht vorhanden,01a66f11-99ef-4fec-b34b-d68a377820ee,nicht vorhanden,nicht vorhanden,nicht vorhanden,nicht vorhanden,nicht vorhanden,nicht vorhanden,EPDM-Dichtungen für Aluminiumprofil,nicht eingestuft,n.e.,n.e.,n.e.,,7.3,2b3e8ffc-629e-503a-b151-3222817f872b,ef961829-1f5b-52ad-a6f7-8c77cea76d5c
Epoxidharzmörtel,nicht vorhanden,76312ca6-3ec4-4a40-a96e-fdda2765e049,nicht vorhanden,nicht vorhanden,nicht vorhanden,nicht vorhanden,nicht vorhanden,nicht vorhanden,Epoxidharzmörtel,"Kleber (nicht-mineralisch: Kunstharzkleber,…)",EV-,EV-,0,,,679b98d0-a22f-51bc-9979-d0cd6859bc4a,7cba3a8d-e199-5ea9-a791-cc48bc37204c
EPS-Hartschaumdämmung,nicht vorhanden,0759d305-3ddd-4209-b25e-33ea9e440d90,nicht vorhanden,nicht vorhanden,nicht vorhanden,nicht vorhanden,nicht vorhanden,nicht vorhanden,EPS-Hartschaumdämmung - Sz. Creasolv,EPS - Sz. Creasolv,EV-,CL-,0.25,,,5a665acb-2baa-5bf0-b918-c77f255ea33d,afc783f6-a1b8-59b1-83f9-14f8ddac6781
EPS-Hartschaumdämmung,nicht vorhanden,0759d305-3ddd-4209-b25e-33ea9e440d90,nicht vorhanden,nicht vorhanden,nicht vorhanden,nicht vorhanden,nicht vorhanden,nicht vorhanden,EPS-Hartschaumdämmung - Sz. Verbrennung,EPS - Sz. Energet. Beseitig.,EV-,EV-,0,,,c3504c5d-9442-5c7c-b2b2-a7abfb4000f0,32e15361-8b89-548d-8ad1-a5c2d98abcc3
EPS-Hartschaumdämmung,nicht vorhanden,0759d305-3ddd-4209-b25e-33ea9e440d90,nicht vorhanden,nicht vorhanden,nicht vorhanden,nicht vorhanden,nicht vorhanden,nicht vorhanden,EPS-Hartschaumdämmung - Sz. RC als Schütt.,EPS - Sz. RC als Schütt.,EV-,SV,0.75,,,ec2d2d55-975d-5a10-b63a-ffcb9fd484fc,2922ff45-343a-5371-9cc3-45b78cc8f720
EVA-Dachbahnen,nicht vorhanden,60203e0a-cd90-4ff9-8ec7-da3a1b0b1588,nicht vorhanden,nicht vorhanden,nicht vorhanden,nicht vorhanden,nicht vorhanden,nicht vorhanden,EVA-Dachbahnen,KSTBahn,EV-,EV-,0,,6.3,79f2ed71-ce0d-5c6d-91a9-e2084013b0fc,86ed5129-3add-5340-b23e-868c6cf8eb9b
Expandierte Perlit-Dämmplatten für den Innenbereich,nicht vorhanden,7b26b760-0cc0-48b1-8c61-9357cd2b7ba3,nicht vorhanden,nicht vorhanden,nicht vorhanden,nicht vorhanden,nicht vorhanden,nicht vorhanden,Expandierte Perlit-Dämmplatten für den Innenbereich,Mineralplatte,Dep+,SV,0.75,,,29cf842c-c47f-5171-a4b5-986fd53449dd,0840d37c-a225-5898-a9b5-6ccebe6ac846
Expandierter Kork,b50fa992-e435-455a-8dfe-82254e9f4f48,c1d62b9b-d4bb-4220-b5b5-d078d527f457,b50fa992-e435-455a-8dfe-82254e9f4f48,b50fa992-e435-455a-8dfe-82254e9f4f48,b50fa992-e435-455a-8dfe-82254e9f4f48,b50fa992-e435-455a-8dfe-82254e9f4f48,b50fa992-e435-455a-8dfe-82254e9f4f48,b50fa992-e435-455a-8dfe-82254e9f4f48,Expandierter Kork,Kork,EV-,RC+,0.75,,2.9,4d51ce7a-1f24-554a-bc3e-6fc6be149a8a,9eab0baa-de37-505b-9516-b78895a377bf
Extrudierter Polystyrol Dämmstoff (XPS),43e99b8c-90d8-4fcd-90ce-342fb0b7366e,37f50a3e-5445-4bce-8eda-98f01dba441f,43e99b8c-90d8-4fcd-90ce-342fb0b7366e,43e99b8c-90d8-4fcd-90ce-342fb0b7366e,43e99b8c-90d8-4fcd-90ce-342fb0b7366e,43e99b8c-90d8-4fcd-90ce-342fb0b7366e,43e99b8c-90d8-4fcd-90ce-342fb0b7366e,43e99b8c-90d8-4fcd-90ce-342fb0b7366e,XPS-Dämmstoff,XPS,EV-,RC+,0.25,,2.3,d880d766-4965-55b7-a293-48b8bda3303f,eb68d98b-694f-5d53-b6b9-76332f41000c
Fahrstuhl - Grundkomponenten (stockwerkunabhängig),nicht vorhanden,b7dbc0bc-ac9d-4d3e-83bf-f96b3ed5eeea,nicht vorhanden,nicht vorhanden,nicht vorhanden,nicht vorhanden,nicht vorhanden,nicht vorhanden,Fahrstuhl - Grundkomponenten (stockwerkunabhängig),nicht eingestuft,n.e.,n.e.,n.e.,,8.5,e115e6f7-6afa-5e47-a899-c42302a1fe58,ef961829-1f5b-52ad-a6f7-8c77cea76d5c
Fahrstuhl - Komponenten (stockwerkabhängig),nicht vorhanden,11e6b53d-0d72-4d04-875d-2fc11e3e63a5,nicht vorhanden,nicht vorhanden,nicht vorhanden,nicht vorhanden,nicht vorhanden,nicht vorhanden,Fahrstuhl - Komponenten (stockwerkabhängig),nicht eingestuft,n.e.,n.e.,n.e.,,8.5,73465f11-69ef-5b92-8f1a-74399b81a624,ef961829-1f5b-52ad-a6f7-8c77cea76d5c
Fahrtreppe - Grundkomponenten (unabhängig von der Förderhöhe),nicht vorhanden,2f4fd218-4f75-4657-aed8-b6f13e83dfc5,nicht vorhanden,nicht vorhanden,nicht vorhanden,nicht vorhanden,nicht vorhanden,nicht vorhanden,Fahrtreppe - Grundkomponenten (unabhängig von der Förderhöhe),nicht eingestuft,n.e.,n.e.,n.e.,,8.5,a1ce3cb6-df70-5dd7-98d5-787ddc02c218,ef961829-1f5b-52ad-a6f7-8c77cea76d5c
Fahrtreppe - Komponenten (förderhöhenabhängig),nicht vorhanden,7ab14975-7e67-4226-9f08-c63448e6b70a,nicht vorhanden,nicht vorhanden,nicht vorhanden,nicht vorhanden,nicht vorhanden,nicht vorhanden,Fahrtreppe - Komponenten (förderhöhenabhängig),nicht eingestuft,n.e.,n.e.,n.e.,,8.5,5e9d7300-dade-5744-9929-90f80bdbeecd,ef961829-1f5b-52ad-a6f7-8c77cea76d5c
Faserverstärkte Spachtelmasse,nicht vorhanden,0478ac14-93bf-4c84-80a3-2c1e6e128496,nicht vorhanden,nicht vorhanden,nicht vorhanden,nicht vorhanden,nicht vorhanden,nicht vorhanden,Faserverstärkte Spachtelmasse,faserverstärkt,Dep-,Dep-,0,,,0193d999-4925-5520-95df-eb3718aaf500,f031e222-b317-53d5-be66-efbfe74f3ebe
Faserzementplatte (Fassade),e24f9f47-8580-45c2-b16d-45145d65a813,26a2ed2d-fef5-4f8e-93db-63ad5b865f66,e24f9f47-8580-45c2-b16d-45145d65a813,e24f9f47-8580-45c2-b16d-45145d65a813,e24f9f47-8580-45c2-b16d-45145d65a813,e24f9f47-8580-45c2-b16d-45145d65a813,e24f9f47-8580-45c2-b16d-45145d65a813,e24f9f47-8580-45c2-b16d-45145d65a813,Faserzementplatte,Faserzement,Dep-,Dep-,0,,1.3,f54a5297-296b-5fd7-b56b-ca3d7ee59988,8ff7ab62-1810-5992-abc3-98bf8fc1cb8b
Fassadenfarbe Dispersionsfarbe,fcf6494c-aad2-4180-b1a2-392cc954ae52,539f5cd0-4e0a-4aae-87eb-e018dbebea4d,fcf6494c-aad2-4180-b1a2-392cc954ae52,fcf6494c-aad2-4180-b1a2-392cc954ae52,fcf6494c-aad2-4180-b1a2-392cc954ae52,fcf6494c-aad2-4180-b1a2-392cc954ae52,fcf6494c-aad2-4180-b1a2-392cc954ae52,fcf6494c-aad2-4180-b1a2-392cc954ae52,Fassadenfarbe Dispersionsfarbe,"Farben, sonstige Beschichtungen (mineral. Untergrund)",Dep-,Dep-,0,,5.4,0115b672-2610-590d-af29-0114387ff154,829e10d4-7bee-5873-9da8-c4083e7de8b5
Fassadenfarbe Silikat-Dispersionsfarbe,02f2750e-eec2-492a-9f05-b9600593b6c5,656568b3-6a42-4a6e-917d-4ddcc3dca17b,02f2750e-eec2-492a-9f05-b9600593b6c5,02f2750e-eec2-492a-9f05-b9600593b6c5,02f2750e-eec2-492a-9f05-b9600593b6c5,02f2750e-eec2-492a-9f05-b9600593b6c5,02f2750e-eec2-492a-9f05-b9600593b6c5,02f2750e-eec2-492a-9f05-b9600593b6c5,Fassadenfarbe Silikat-Dispersionsfarbe,"Farben, sonstige Beschichtungen (mineral. Untergrund)",Dep-,Dep-,0,,5.4,bf0997bd-85a5-5be8-9b62-e9686f2688b1,829e10d4-7bee-5873-9da8-c4083e7de8b5
Fassadenfarbe Silikonharzfarbe,815fb8f6-04cc-494d-ab6b-1b6eae98bfca,b923c64c-2da3-4f0c-ada3-5d1eeb884880,815fb8f6-04cc-494d-ab6b-1b6eae98bfca,815fb8f6-04cc-494d-ab6b-1b6eae98bfca,815fb8f6-04cc-494d-ab6b-1b6eae98bfca,815fb8f6-04cc-494d-ab6b-1b6eae98bfca,815fb8f6-04cc-494d-ab6b-1b6eae98bfca,815fb8f6-04cc-494d-ab6b-1b6eae98bfca,Fassadenfarbe Silikonharzfarbe,"Farben, sonstige Beschichtungen (mineral. Untergrund)",Dep-,Dep-,0,,5.4,4459baf0-6b75-559b-a8e1-dc846e4bd9f8,829e10d4-7bee-5873-9da8-c4083e7de8b5
Fassadenfarbe Voranstrich Dispersion,948f8f68-f1f2-42f6-8350-6e27d6e80c7c,f830ac7f-04a0-46e0-a5ed-1b66a09555f5,948f8f68-f1f2-42f6-8350-6e27d6e80c7c,948f8f68-f1f2-42f6-8350-6e27d6e80c7c,948f8f68-f1f2-42f6-8350-6e27d6e80c7c,948f8f68-f1f2-42f6-8350-6e27d6e80c7c,948f8f68-f1f2-42f6-8350-6e27d6e80c7c,948f8f68-f1f2-42f6-8350-6e27d6e80c7c,Fassadenfarbe Voranstrich Dispersion,"Farben, sonstige Beschichtungen (mineral. Untergrund)",Dep-,Dep-,0,,5.1,717f2eaf-9c06-57d7-9847-d97c7a5fe163,829e10d4-7bee-5873-9da8-c4083e7de8b5
Fassadenfarbe Voranstrich Silikat-Dispersion,0b488798-140f-4efa-96e2-55aa46ed129a,e6a19775-cdd4-40a5-a3bc-8d567c1cd4cc,0b488798-140f-4efa-96e2-55aa46ed129a,0b488798-140f-4efa-96e2-55aa46ed129a,0b488798-140f-4efa-96e2-55aa46ed129a,0b488798-140f-4efa-96e2-55aa46ed129a,0b488798-140f-4efa-96e2-55aa46ed129a,0b488798-140f-4efa-96e2-55aa46ed129a,Fassadenfarbe Voranstrich Silikat-Dispersion,"Farben, sonstige Beschichtungen (mineral. Untergrund)",Dep-,Dep-,0,,5.1,7197e408-0017-5df0-9133-e793dae77765,829e10d4-7bee-5873-9da8-c4083e7de8b5
Fassadenklinker,d311ba82-a703-4865-b5e3-f704e5b88712,5dddc87c-6b72-4801-b822-4301138c99ce,d311ba82-a703-4865-b5e3-f704e5b88712,d311ba82-a703-4865-b5e3-f704e5b88712,d311ba82-a703-4865-b5e3-f704e5b88712,d311ba82-a703-4865-b5e3-f704e5b88712,d311ba82-a703-4865-b5e3-f704e5b88712,d311ba82-a703-4865-b5e3-f704e5b88712,Fassadenklinker,Keramik - Fassade,RC+,RC+,1,,1.3,af64d973-9cdb-5d4a-bf72-f90803cfa6ca,d72d1773-ff38-538e-8212-e5272d6ecf27
Fenster-Beschlag für Doppelflügelfenster,4bf26663-9018-47a1-943d-8ed4d3f87d0f,69c60c09-e729-4327-b0fd-2b778c6942c5,4bf26663-9018-47a1-943d-8ed4d3f87d0f,4bf26663-9018-47a1-943d-8ed4d3f87d0f,4bf26663-9018-47a1-943d-8ed4d3f87d0f,4bf26663-9018-47a1-943d-8ed4d3f87d0f,4bf26663-9018-47a1-943d-8ed4d3f87d0f,4bf26663-9018-47a1-943d-8ed4d3f87d0f,Fenster-Beschlag für Doppelflügelfenster,nicht eingestuft,n.e.,n.e.,n.e.,,7.4,8232d26e-0043-56ee-b6ef-281b5a7054a2,ef961829-1f5b-52ad-a6f7-8c77cea76d5c
Fenster-Beschlag für Drehkippfenster (Aluminium),b1efabb9-6371-4b96-9ee2-d1f11f9f3b25,8dc96f29-ec8d-43ba-ba08-a2362003078a,b1efabb9-6371-4b96-9ee2-d1f11f9f3b25,b1efabb9-6371-4b96-9ee2-d1f11f9f3b25,b1efabb9-6371-4b96-9ee2-d1f11f9f3b25,b1efabb9-6371-4b96-9ee2-d1f11f9f3b25,b1efabb9-6371-4b96-9ee2-d1f11f9f3b25,b1efabb9-6371-4b96-9ee2-d1f11f9f3b25,Fenster-Beschlag für Drehkippfenster (Aluminium),nicht eingestuft,n.e.,n.e.,n.e.,,7.4,c7b5b5f6-eee0-5659-9d4b-f513f0c40cff,ef961829-1f5b-52ad-a6f7-8c77cea76d5c
Fenster-Beschlag für horizontales Schiebefenster,00c28f1f-1d49-4c81-9208-138922a1dd6c,640ca097-4329-47d0-a762-7ed858239c3a,00c28f1f-1d49-4c81-9208-138922a1dd6c,00c28f1f-1d49-4c81-9208-138922a1dd6c,00c28f1f-1d49-4c81-9208-138922a1dd6c,00c28f1f-1d49-4c81-9208-138922a1dd6c,00c28f1f-1d49-4c81-9208-138922a1dd6c,00c28f1f-1d49-4c81-9208-138922a1dd6c,Fenster-Beschlag für horizontales Schiebefenster,nicht eingestuft,n.e.,n.e.,n.e.,,7.4,4f1d147e-88e9-5564-a744-d4756cd9061b,ef961829-1f5b-52ad-a6f7-8c77cea76d5c
Fenster-Beschlag für vertikales Schiebefenster,72c69944-5250-4269-ad34-2e20e5e38231,67331443-825b-4e74-87bb-27d5a55dd159,72c69944-5250-4269-ad34-2e20e5e38231,72c69944-5250-4269-ad34-2e20e5e38231,72c69944-5250-4269-ad34-2e20e5e38231,72c69944-5250-4269-ad34-2e20e5e38231,72c69944-5250-4269-ad34-2e20e5e38231,72c69944-5250-4269-ad34-2e20e5e38231,Fenster-Beschlag für vertikales Schiebefenster,nicht eingestuft,n.e.,n.e.,n.e.,,7.4,9c36b79e-1843-5e90-90cc-e43270a4915f,ef961829-1f5b-52ad-a6f7-8c77cea76d5c
Fensterglas einfach,1490b480-2c36-43f2-ba8b-4ea49948f7c3,3598f7e3-1be1-4a05-9d2e-f41ad4623ced,1490b480-2c36-43f2-ba8b-4ea49948f7c3,1490b480-2c36-43f2-ba8b-4ea49948f7c3,1490b480-2c36-43f2-ba8b-4ea49948f7c3,1490b480-2c36-43f2-ba8b-4ea49948f7c3,1490b480-2c36-43f2-ba8b-4ea49948f7c3,1490b480-2c36-43f2-ba8b-4ea49948f7c3,Fensterglas einfach,Klarglas (Bestand),RC-,RC+,0.5,,7.2,539aebd3-4f94-56e3-9430-9fc64efba0fa,5cc7aa59-59bf-53fe-a8a9-065edd44ee88
Fenstergriff,38ddefe2-e01c-4ece-9952-a353b7dfb246,96fd0760-5c7a-4ab6-a29a-050b68fc9c69,38ddefe2-e01c-4ece-9952-a353b7dfb246,38ddefe2-e01c-4ece-9952-a353b7dfb246,38ddefe2-e01c-4ece-9952-a353b7dfb246,38ddefe2-e01c-4ece-9952-a353b7dfb246,38ddefe2-e01c-4ece-9952-a353b7dfb246,38ddefe2-e01c-4ece-9952-a353b7dfb246,Fenstergriff,nicht eingestuft,n.e.,n.e.,n.e.,,7.4,dff59bcd-9ddc-5cb7-9014-fefa513d8bb8,ef961829-1f5b-52ad-a6f7-8c77cea76d5c
Feuerverzinktes Stahlblech,50c9e674-afd9-456c-9440-6506bec6d55b,9812f03c-2a15-40bf-9c10-05f6924a420f,50c9e674-afd9-456c-9440-6506bec6d55b,50c9e674-afd9-456c-9440-6506bec6d55b,50c9e674-afd9-456c-9440-6506bec6d55b,50c9e674-afd9-456c-9440-6506bec6d55b,50c9e674-afd9-456c-9440-6506bec6d55b,50c9e674-afd9-456c-9440-6506bec6d55b,Feuerverzinktes Stahlblech,Stahl - Stahl(blech) verzinkt,CL-,CL-,1,,4.1,080cb71e-d11b-5470-81f0-1477e36bcff3,248980fe-c40c-527d-b285-4dc2c2ed30b1
Flachsvlies,af13e5a8-0961-454a-ad3a-7093a37fc802,1edb805d-08dc-461e-8195-05a9865470d0,af13e5a8-0961-454a-ad3a-7093a37fc802,af13e5a8-0961-454a-ad3a-7093a37fc802,af13e5a8-0961-454a-ad3a-7093a37fc802,af13e5a8-0961-454a-ad3a-7093a37fc802,af13e5a8-0961-454a-ad3a-7093a37fc802,af13e5a8-0961-454a-ad3a-7093a37fc802,Flachsvlies (mit Flammschutzmittel),"DS Pflanzenfaser mit Zusatzstoffen (FSM, Bindemittel)",EV-,EV-,0,,2.12,458179eb-1b73-5e39-9724-f8721da8df82,4e9dc745-0083-5c18-9144-dc31c9173cd1
Fliesenkleber,78b7cd15-d82a-4ffa-ae08-870b6e5d35d4,b3581465-212c-4c61-ad7c-229c16975650,78b7cd15-d82a-4ffa-ae08-870b6e5d35d4,78b7cd15-d82a-4ffa-ae08-870b6e5d35d4,78b7cd15-d82a-4ffa-ae08-870b6e5d35d4,78b7cd15-d82a-4ffa-ae08-870b6e5d35d4,78b7cd15-d82a-4ffa-ae08-870b6e5d35d4,78b7cd15-d82a-4ffa-ae08-870b6e5d35d4,Fliesenkleber,"organ. Putz (Fliesenkleber Störstoff, Masse Einstuf. ident zu organ. Putz)",Dep-,Dep-,0,,1.4,a91b4d0f-8062-536c-902a-6e8301534d0f,f36a078b-82e5-5ca9-8c68-c8d49f6624f2
"Fliesenkleber, dispersionsbasiert",nicht vorhanden,bc0f8673-222f-4510-8cc5-08f0646a545b,nicht vorhanden,nicht vorhanden,nicht vorhanden,nicht vorhanden,nicht vorhanden,nicht vorhanden,"Fliesenkleber, dispersionsbasiert","Kleber (nicht-mineralisch: Kunstharzkleber,…)",EV-,EV-,0,,,9461086d-f54b-5332-a4e6-5d78d2366d2e,7cba3a8d-e199-5ea9-a791-cc48bc37204c
"Flüssiggastank 2700 l/1,2 t (oberirdisch)",nicht vorhanden,2dce11cf-7975-4215-8d0c-2d7760595853,nicht vorhanden,nicht vorhanden,nicht vorhanden,nicht vorhanden,nicht vorhanden,nicht vorhanden,"Flüssiggastank 2700 l/1,2 t (oberirdisch)",nicht eingestuft,n.e.,n.e.,n.e.,,8.1,70a374aa-1231-5ce0-83c3-ce2864a2ac4b,ef961829-1f5b-52ad-a6f7-8c77cea76d5c
"Flüssiggastank 2700 l/1,2 t (unterirdisch)",nicht vorhanden,2424aa0d-0a25-447e-9d2b-a9903a9956fa,nicht vorhanden,nicht vorhanden,nicht vorhanden,nicht vorhanden,nicht vorhanden,nicht vorhanden,"Flüssiggastank 2700 l/1,2 t (unterirdisch)",nicht eingestuft,n.e.,n.e.,n.e.,,8.1,e345b6a5-f8fd-53ba-b1a5-687ef794e5ea,ef961829-1f5b-52ad-a6f7-8c77cea76d5c
"Flüssiggastank 4850 l/2,1 t (unterirdisch)",nicht vorhanden,eba7908d-7cd5-48f8-a707-91954f68ec80,nicht vorhanden,nicht vorhanden,nicht vorhanden,nicht vorhanden,nicht vorhanden,nicht vorhanden,"Flüssiggastank 4850 l/2,1 t (unterirdisch)",nicht eingestuft,n.e.,n.e.,n.e.,,8.1,8aad38b7-c8c9-5d4f-b6d5-0434ad7ee5b7,ef961829-1f5b-52ad-a6f7-8c77cea76d5c
"Flüssiggastank 4850 l/2,1t (oberirdisch)",nicht vorhanden,58b82b81-40bd-4c25-b8f2-c14dab8619da,nicht vorhanden,nicht vorhanden,nicht vorhanden,nicht vorhanden,nicht vorhanden,nicht vorhanden,"Flüssiggastank 4850 l/2,1t (oberirdisch)",nicht eingestuft,n.e.,n.e.,n.e.,,8.1,ba7478eb-6a02-5fdc-bab0-a1a8a972f4d0,ef961829-1f5b-52ad-a6f7-8c77cea76d5c
"Flüssiggastank 6400 l/2,9 t (oberirdisch)",nicht vorhanden,90131f95-e18b-4d64-99dd-efbdecba1d6e,nicht vorhanden,nicht vorhanden,nicht vorhanden,nicht vorhanden,nicht vorhanden,nicht vorhanden,"Flüssiggastank 6400 l/2,9 t (oberirdisch)",nicht eingestuft,n.e.,n.e.,n.e.,,8.1,23cc40e4-7f80-5d3e-98a8-6f891d07c697,ef961829-1f5b-52ad-a6f7-8c77cea76d5c
"Flüssiggastank 6400 l/2,9 t (unterirdisch)",nicht vorhanden,c28a0d9c-8582-4a4e-b848-9f194a52317c,nicht vorhanden,nicht vorhanden,nicht vorhanden,nicht vorhanden,nicht vorhanden,nicht vorhanden,"Flüssiggastank 6400 l/2,9 t (unterirdisch)",nicht eingestuft,n.e.,n.e.,n.e.,,8.1,fcc01f93-33d5-5ded-966d-a9c5cdac5d57,ef961829-1f5b-52ad-a6f7-8c77cea76d5c
,,,,,,,,,Kunststoffrahmen PVC mit Aludeckschale [kg/m² Rahmen],PVC hart,SV,SV,0,,7.1,d2d423f3-c003-5056-99e6-350b7f1314e0,ea5dbded-5c1b-5d58-acb1-01de359273cc
Flügelrahmen PVC-U,nicht vorhanden,4ca023d1-2eda-43ab-9c55-481a6d250d9b,nicht vorhanden,nicht vorhanden,nicht vorhanden,nicht vorhanden,nicht vorhanden,nicht vorhanden,Kunststofftrahmen PVC [kg/m² Rahmen],PVC hart,SV,SV,0,,7.1,863712d9-c4d7-5d08-a434-9f7ef1648e3d,ea5dbded-5c1b-5d58-acb1-01de359273cc
Flüssigkunststoffe zur Bauwerksabdichtung auf SMP-Basis,nicht vorhanden,8d95efa8-e37d-4958-84a1-b9a920818e92,nicht vorhanden,nicht vorhanden,nicht vorhanden,nicht vorhanden,nicht vorhanden,nicht vorhanden,Flüssigkunststoffe zur Bauwerksabdichtung auf SMP-Basis,"Farben, sonstige Beschichtungen (mineral. Untergrund)",Dep+,Dep+,0,,,483ba4a6-b9d7-5ad5-90a0-7d47f573d977,b874be88-9088-5f9c-aec5-dd2971df09b3
Folie aus Polytetrafluorethylen (PTFE),f281ecaf-5754-4d27-8d70-cfd18780b192,2014a394-f4e5-47dd-9e8a-ee2628bd73f3,f281ecaf-5754-4d27-8d70-cfd18780b192,f281ecaf-5754-4d27-8d70-cfd18780b192,f281ecaf-5754-4d27-8d70-cfd18780b192,f281ecaf-5754-4d27-8d70-cfd18780b192,f281ecaf-5754-4d27-8d70-cfd18780b192,f281ecaf-5754-4d27-8d70-cfd18780b192,Folie aus Polytetrafluorethylen PTFE,KSTBahn (Halog),EB,EB,0,,6.6,9cbce931-cbe0-5012-ad62-bf81c633717e,9a4722e8-5fd2-5639-8a42-0b25295d0460
Folie für Gründach,8a37ac61-585c-43a8-9773-10fce30096e4,4c569188-c899-44da-8843-523c2c741efe,8a37ac61-585c-43a8-9773-10fce30096e4,8a37ac61-585c-43a8-9773-10fce30096e4,8a37ac61-585c-43a8-9773-10fce30096e4,8a37ac61-585c-43a8-9773-10fce30096e4,8a37ac61-585c-43a8-9773-10fce30096e4,8a37ac61-585c-43a8-9773-10fce30096e4,Folie für Gründach,KSTBahn (Halog),EB,EB,0,,6.6,32ab51c5-c105-599f-8842-617769804521,9a4722e8-5fd2-5639-8a42-0b25295d0460
Fugendichtungsbänder Butyl,b060ccb6-2e27-456e-87c4-0b5d4453d917,0362ebd3-9df6-473d-8a66-dccec38bf361,b060ccb6-2e27-456e-87c4-0b5d4453d917,b060ccb6-2e27-456e-87c4-0b5d4453d917,b060ccb6-2e27-456e-87c4-0b5d4453d917,b060ccb6-2e27-456e-87c4-0b5d4453d917,b060ccb6-2e27-456e-87c4-0b5d4453d917,b060ccb6-2e27-456e-87c4-0b5d4453d917,Fugendichtungsbänder Butyl,nicht eingestuft,n.e.,n.e.,n.e.,,7.3,066a21d4-6afc-5f7b-ae51-be4aa2e6abd0,ef961829-1f5b-52ad-a6f7-8c77cea76d5c
Fugendichtungsbänder Gewebebänder,1b50fee4-e5e3-41a0-9741-ab81fb4297d6,1c56ee59-c832-42fb-bf86-ad86adcd1666,1b50fee4-e5e3-41a0-9741-ab81fb4297d6,1b50fee4-e5e3-41a0-9741-ab81fb4297d6,1b50fee4-e5e3-41a0-9741-ab81fb4297d6,1b50fee4-e5e3-41a0-9741-ab81fb4297d6,1b50fee4-e5e3-41a0-9741-ab81fb4297d6,1b50fee4-e5e3-41a0-9741-ab81fb4297d6,Fugendichtungsbänder Gewebebänder,nicht eingestuft,n.e.,n.e.,n.e.,,7.3,341908c7-c5cb-57e9-b389-19a3a57b1066,ef961829-1f5b-52ad-a6f7-8c77cea76d5c
Fugendichtungsbänder PE/PP-Folie,aadadf2a-2896-4681-bc4c-61ea4616f801,a122b12f-ae8c-4806-b78c-ba5389bbd52f,aadadf2a-2896-4681-bc4c-61ea4616f801,aadadf2a-2896-4681-bc4c-61ea4616f801,aadadf2a-2896-4681-bc4c-61ea4616f801,aadadf2a-2896-4681-bc4c-61ea4616f801,aadadf2a-2896-4681-bc4c-61ea4616f801,aadadf2a-2896-4681-bc4c-61ea4616f801,Fugendichtungsbänder PE/PP-Folie,nicht eingestuft,n.e.,n.e.,n.e.,,7.3,83931401-c2bf-5a53-9de1-33549c9516c8,ef961829-1f5b-52ad-a6f7-8c77cea76d5c
Fugendichtungsbänder Polyisobutylen,98e0caab-5f0b-452f-a3d2-4e0256a799f3,f5c5632d-8a1e-47a7-b084-fd9fec790e68,98e0caab-5f0b-452f-a3d2-4e0256a799f3,98e0caab-5f0b-452f-a3d2-4e0256a799f3,98e0caab-5f0b-452f-a3d2-4e0256a799f3,98e0caab-5f0b-452f-a3d2-4e0256a799f3,98e0caab-5f0b-452f-a3d2-4e0256a799f3,98e0caab-5f0b-452f-a3d2-4e0256a799f3,Fugendichtungsbänder Polyisobutylen,nicht eingestuft,n.e.,n.e.,n.e.,,7.3,176c891e-dacb-5739-a058-288fb0be5cf0,ef961829-1f5b-52ad-a6f7-8c77cea76d5c
Fünf-Schichtholzplatte (generisch),74a7b85a-c028-4cf1-987e-7dfddcb9033b,832aabab-e539-4356-b06a-2d2b70b7b109,74a7b85a-c028-4cf1-987e-7dfddcb9033b,74a7b85a-c028-4cf1-987e-7dfddcb9033b,74a7b85a-c028-4cf1-987e-7dfddcb9033b,74a7b85a-c028-4cf1-987e-7dfddcb9033b,74a7b85a-c028-4cf1-987e-7dfddcb9033b,74a7b85a-c028-4cf1-987e-7dfddcb9033b,Fünf-Schichtholzplatte,Holzwerkstoff - nicht beschichtet,RC+,RC+,1,,3.2,1cb0174e-4a82-58db-af0a-64a5cbc9a31e,58073859-ef5c-5b3b-9210-ac5abb6a6175
Furnierschichtholz (generisch),b50f7b36-d9aa-40c5-b839-4925a1500952,6931f21e-27bd-4eb4-b80a-f1eab2817ee0,b50f7b36-d9aa-40c5-b839-4925a1500952,b50f7b36-d9aa-40c5-b839-4925a1500952,b50f7b36-d9aa-40c5-b839-4925a1500952,b50f7b36-d9aa-40c5-b839-4925a1500952,b50f7b36-d9aa-40c5-b839-4925a1500952,b50f7b36-d9aa-40c5-b839-4925a1500952,Furnierschichtholz (Laminated Veneer Lumber),Holzwerkstoff - nicht beschichtet,RC+,RC+,1,,3.2,d5755df6-dd0c-5cef-a5d7-60ef531171bb,58073859-ef5c-5b3b-9210-ac5abb6a6175
Fußbodenheizung Kupfer (100 mm Abstand),nicht vorhanden,f55e9321-9133-4259-8abe-fe9cd8ae9171,nicht vorhanden,nicht vorhanden,nicht vorhanden,nicht vorhanden,nicht vorhanden,nicht vorhanden,Fußbodenheizung Kupfer (100 mm Abstand),nicht eingestuft,n.e.,n.e.,n.e.,,8.1,67f83ea3-8bc6-5cc7-b1de-d9a37a80076d,ef961829-1f5b-52ad-a6f7-8c77cea76d5c
Fußbodenheizung Kupfer (200 mm Abstand),nicht vorhanden,1a068fac-fca7-4891-8891-4511e1711b4c,nicht vorhanden,nicht vorhanden,nicht vorhanden,nicht vorhanden,nicht vorhanden,nicht vorhanden,Fußbodenheizung Kupfer (200 mm Abstand),nicht eingestuft,n.e.,n.e.,n.e.,,8.1,9be2c342-16fe-5040-94e3-0b67b6cc7479,ef961829-1f5b-52ad-a6f7-8c77cea76d5c
Fußbodenheizung PEX (100 mm Abstand),nicht vorhanden,87860f4c-ffd2-4fd9-a381-04b3975c28ae,nicht vorhanden,nicht vorhanden,nicht vorhanden,nicht vorhanden,nicht vorhanden,nicht vorhanden,Fußbodenheizung PEX (100 mm Abstand),nicht eingestuft,n.e.,n.e.,n.e.,,8.1,bd642f2a-d084-5d04-9faa-2684b2d912d9,ef961829-1f5b-52ad-a6f7-8c77cea76d5c
Fußbodenheizung PEX (200 mm Abstand),nicht vorhanden,03c47c52-3265-49d9-8804-6c447031ce73,nicht vorhanden,nicht vorhanden,nicht vorhanden,nicht vorhanden,nicht vorhanden,nicht vorhanden,Fußbodenheizung PEX (200 mm Abstand),nicht eingestuft,n.e.,n.e.,n.e.,,8.1,90f4a637-0c2b-5e3a-bbf2-6e806dc4e2a5,ef961829-1f5b-52ad-a6f7-8c77cea76d5c
Fußbodenheizung PP (100 mm Abstand),nicht vorhanden,979226f9-7902-47c6-8cee-5a94ba63185a,nicht vorhanden,nicht vorhanden,nicht vorhanden,nicht vorhanden,nicht vorhanden,nicht vorhanden,Fußbodenheizung PP (100 mm Abstand),nicht eingestuft,n.e.,n.e.,n.e.,,8.1,de543461-4fb1-5c16-82e6-c1d6490ad4bf,ef961829-1f5b-52ad-a6f7-8c77cea76d5c
Fußbodenheizung PP (200 mm Abstand),nicht vorhanden,6e50c70d-3339-4118-b5be-4f27d5bca333,nicht vorhanden,nicht vorhanden,nicht vorhanden,nicht vorhanden,nicht vorhanden,nicht vorhanden,Fußbodenheizung PP (200 mm Abstand),nicht eingestuft,n.e.,n.e.,n.e.,,8.1,806af44d-345d-53f1-8f36-f02bc8b722e8,ef961829-1f5b-52ad-a6f7-8c77cea76d5c
Gas Blockheizkraftwerk (500 kW),nicht vorhanden,5b90a086-26c7-41dc-82fa-3b04fe7e36c2,nicht vorhanden,nicht vorhanden,nicht vorhanden,nicht vorhanden,nicht vorhanden,nicht vorhanden,Gas Blockheizkraftwerk (500 kW),nicht eingestuft,n.e.,n.e.,n.e.,,8.1,aeb6157f-6f2f-503b-9ce7-ec673ad682c6,ef961829-1f5b-52ad-a6f7-8c77cea76d5c
Gas-Brennwertgerät < 20 kW (Standgerät),nicht vorhanden,230a51a2-2892-414f-9357-49e1df9fb9d0,nicht vorhanden,nicht vorhanden,nicht vorhanden,nicht vorhanden,nicht vorhanden,nicht vorhanden,Gas-Brennwertgerät < 20 kW (Standgerät),nicht eingestuft,n.e.,n.e.,n.e.,,8.1,9ad263d3-3f2f-57bc-b855-3060e58a9e23,ef961829-1f5b-52ad-a6f7-8c77cea76d5c
Gas-Brennwertgerät < 20 kW (Wandgerät),nicht vorhanden,cc25ba78-0036-49ab-8e55-10bdde0317bd,nicht vorhanden,nicht vorhanden,nicht vorhanden,nicht vorhanden,nicht vorhanden,nicht vorhanden,Gas-Brennwertgerät < 20 kW (Wandgerät),nicht eingestuft,n.e.,n.e.,n.e.,,8.1,37d6e7ed-831d-5b05-b98e-dc1dd0f0b2f2,ef961829-1f5b-52ad-a6f7-8c77cea76d5c
Gas-Brennwertgerät 120-400 kW (Standgerät),nicht vorhanden,2099e104-ce43-4c05-a923-a7a8b044dd6f,nicht vorhanden,nicht vorhanden,nicht vorhanden,nicht vorhanden,nicht vorhanden,nicht vorhanden,Gas-Brennwertgerät 120-400 kW (Standgerät),nicht eingestuft,n.e.,n.e.,n.e.,,8.1,a3d6bb40-079e-5330-ab6c-1d107a565687,ef961829-1f5b-52ad-a6f7-8c77cea76d5c
Gas-Brennwertgerät 20-120 kW (Standgerät),nicht vorhanden,0b82bbb7-4048-4da5-830c-e040e9f3a929,nicht vorhanden,nicht vorhanden,nicht vorhanden,nicht vorhanden,nicht vorhanden,nicht vorhanden,Gas-Brennwertgerät 20-120 kW (Standgerät),nicht eingestuft,n.e.,n.e.,n.e.,,8.1,32989c48-bb1f-5f9e-ac2e-eecf1b432e68,ef961829-1f5b-52ad-a6f7-8c77cea76d5c
Gas-Niedertemperaturgerät < 20 kW (Standgerät),nicht vorhanden,70652929-4cec-4671-a726-1bde18f5c3a5,nicht vorhanden,nicht vorhanden,nicht vorhanden,nicht vorhanden,nicht vorhanden,nicht vorhanden,Gas-Niedertemperaturgerät < 20 kW (Standgerät),nicht eingestuft,n.e.,n.e.,n.e.,,8.1,f60a8bde-6bc9-57f1-9396-4f7779bd537c,ef961829-1f5b-52ad-a6f7-8c77cea76d5c
Gas-Niedertemperaturgerät 120-400 kW (Standgerät),nicht vorhanden,f9043619-1d1a-4af1-a42d-8bff43c7cd9c,nicht vorhanden,nicht vorhanden,nicht vorhanden,nicht vorhanden,nicht vorhanden,nicht vorhanden,Gas-Niedertemperaturgerät 120-400 kW (Standgerät),nicht eingestuft,n.e.,n.e.,n.e.,,8.1,332ee82a-8348-59df-bcb3-aaad0e3b69eb,ef961829-1f5b-52ad-a6f7-8c77cea76d5c
Gas-Niedertemperaturgerät 20-120 kW (Standgerät),nicht vorhanden,d75af170-2269-426a-b72a-1d78f5c4091d,nicht vorhanden,nicht vorhanden,nicht vorhanden,nicht vorhanden,nicht vorhanden,nicht vorhanden,Gas-Niedertemperaturgerät 20-120 kW (Standgerät),nicht eingestuft,n.e.,n.e.,n.e.,,8.1,4e6a1666-e5a7-597e-a9d2-d0f6a24ef9a5,ef961829-1f5b-52ad-a6f7-8c77cea76d5c
Gaswärmepumpe (Luft) 20-70 kW,nicht vorhanden,ae06899a-fd3f-4ea6-9922-139dfd0e6ba9,nicht vorhanden,nicht vorhanden,nicht vorhanden,nicht vorhanden,nicht vorhanden,nicht vorhanden,Gaswärmepumpe (Luft) 20-70 kW,nicht eingestuft,n.e.,n.e.,n.e.,,8.1,96db405f-39ed-5bdb-b484-d26bf1f179c9,ef961829-1f5b-52ad-a6f7-8c77cea76d5c
"Gehäuse Downlight 18W (CFL, G24D))",nicht vorhanden,1c79a9bf-cd85-41f3-a261-1577cd08a187,nicht vorhanden,nicht vorhanden,nicht vorhanden,nicht vorhanden,nicht vorhanden,nicht vorhanden,"Gehäuse Downlight 18W (CFL, G24D))",nicht eingestuft,n.e.,n.e.,n.e.,,8.4,a3cc1c36-ee20-5fa9-b2a7-a78a25cbade3,ef961829-1f5b-52ad-a6f7-8c77cea76d5c
"Getuftete Teppichfliesen (PA 6), LC3",nicht vorhanden,cc0a42be-7e68-4564-a09d-3c478f82af5b,nicht vorhanden,nicht vorhanden,nicht vorhanden,nicht vorhanden,nicht vorhanden,nicht vorhanden,"Getuftete Teppichfliesen (PA 6), LC3",Bodenbelag textil 100 % synthetisch,EV-,EV-,0,,,63bbeed5-d7f6-5d00-90c8-85a117140191,fe24b5ed-353e-5355-ac7b-a083a4e18f87
Gips (CaSO4-Alpha-Halbhydrat),5ce375b1-eb6d-4fc7-84bb-11ae702d3056,93f371be-ae3e-4baf-b607-5e2563a9288f,5ce375b1-eb6d-4fc7-84bb-11ae702d3056,5ce375b1-eb6d-4fc7-84bb-11ae702d3056,5ce375b1-eb6d-4fc7-84bb-11ae702d3056,5ce375b1-eb6d-4fc7-84bb-11ae702d3056,5ce375b1-eb6d-4fc7-84bb-11ae702d3056,5ce375b1-eb6d-4fc7-84bb-11ae702d3056,Gips (CaSO4-Alpha-Halbhydrat) Grundstoff,keine Einstufung,nicht eingestuft,n.e.,n.e.,n.e.,1.1,642c8775-e67a-58a1-b346-92f3e28ebf04,0c2c3857-bf68-50bc-a08b-cb0d959eeaf1
Gips (CaSO4-Beta-Halbhydrat),ee840270-3055-428a-b38d-e7727426cc35,6d6d0d3f-79a3-461b-8a8c-fa4a78875da0,ee840270-3055-428a-b38d-e7727426cc35,ee840270-3055-428a-b38d-e7727426cc35,ee840270-3055-428a-b38d-e7727426cc35,ee840270-3055-428a-b38d-e7727426cc35,ee840270-3055-428a-b38d-e7727426cc35,ee840270-3055-428a-b38d-e7727426cc35,Gips (CaSO4-Beta-Halbhydrat) Grundstoff,keine Einstufung,nicht eingestuft,n.e.,n.e.,n.e.,1.1,278bae6d-26bf-57d3-9d6b-23d1ece6c297,0c2c3857-bf68-50bc-a08b-cb0d959eeaf1
Gips Kalk Putz,0b0d0210-c31d-4fc7-b11a-9cdfe0a87ed6,a3c3d772-142f-4494-ab5e-c3eb604bbe55,0b0d0210-c31d-4fc7-b11a-9cdfe0a87ed6,0b0d0210-c31d-4fc7-b11a-9cdfe0a87ed6,0b0d0210-c31d-4fc7-b11a-9cdfe0a87ed6,0b0d0210-c31d-4fc7-b11a-9cdfe0a87ed6,0b0d0210-c31d-4fc7-b11a-9cdfe0a87ed6,0b0d0210-c31d-4fc7-b11a-9cdfe0a87ed6,Gips-Kalk-Putz auf Massivbaustoff,Gipsputz (auf Gipsbaustoff),Dep+,RC-,0.25,,1.4,ca35d44c-105f-53e4-860a-c778d6e2dab5,1a2d954c-605f-5fdf-a4a8-99733db2d3cd
Gips Kalk Putz,0b0d0210-c31d-4fc7-b11a-9cdfe0a87ed6,a3c3d772-142f-4494-ab5e-c3eb604bbe55,0b0d0210-c31d-4fc7-b11a-9cdfe0a87ed6,0b0d0210-c31d-4fc7-b11a-9cdfe0a87ed6,0b0d0210-c31d-4fc7-b11a-9cdfe0a87ed6,0b0d0210-c31d-4fc7-b11a-9cdfe0a87ed6,0b0d0210-c31d-4fc7-b11a-9cdfe0a87ed6,0b0d0210-c31d-4fc7-b11a-9cdfe0a87ed6,Gips-Kalk-Putz auf Gipsbaustoff,Gipsputz (auf Massivbaustoff),Dep+,Dep+,0,,1.4,d7276132-30f8-53a2-b605-bbdaa3c6a3d3,39c12551-dc99-5fbc-8673-c831094cf523
"Gipsbauplatte (Feuerschutz, 12,5mm)",da72684f-471c-425b-817d-69f262323f04,9847cae4-4e56-40f3-a6d0-f0a153239669,da72684f-471c-425b-817d-69f262323f04,da72684f-471c-425b-817d-69f262323f04,da72684f-471c-425b-817d-69f262323f04,da72684f-471c-425b-817d-69f262323f04,da72684f-471c-425b-817d-69f262323f04,da72684f-471c-425b-817d-69f262323f04,Gipskartonplatte (Feuerschutz),Gipsplatte,Dep+,CL+,0.75,,1.3,3ec6b463-2b87-5ce0-8feb-f16949c7ecd2,7ce7f671-bb8e-57b7-aa14-9f1d0403e204
"Gipsbauplatte (imprägniert, 12,5mm)",07423e99-8c7c-4e93-8311-dcf7ae85c41d,21034c58-7460-469d-8715-88d1eb90936c,07423e99-8c7c-4e93-8311-dcf7ae85c41d,07423e99-8c7c-4e93-8311-dcf7ae85c41d,07423e99-8c7c-4e93-8311-dcf7ae85c41d,07423e99-8c7c-4e93-8311-dcf7ae85c41d,07423e99-8c7c-4e93-8311-dcf7ae85c41d,07423e99-8c7c-4e93-8311-dcf7ae85c41d,Gipskartonplatte (imprägniert),Gipsplatte,Dep+,CL+,0.75,,1.3,9201a16c-de5c-54ae-9f8b-d8b8b53806ef,7ce7f671-bb8e-57b7-aa14-9f1d0403e204
"Gipsbauplatte (gelocht, 12,5 mm)",207cde6a-73be-4ffb-972d-30d3d8619fc3,ad411530-b146-47bb-85da-47dc47858864,207cde6a-73be-4ffb-972d-30d3d8619fc3,207cde6a-73be-4ffb-972d-30d3d8619fc3,207cde6a-73be-4ffb-972d-30d3d8619fc3,207cde6a-73be-4ffb-972d-30d3d8619fc3,207cde6a-73be-4ffb-972d-30d3d8619fc3,207cde6a-73be-4ffb-972d-30d3d8619fc3,Gipskartonplatte (Lochplatte),Gipsplatte,Dep+,CL+,0.75,,1.3,0f7705f0-e5a5-5cc3-b04a-5833ab3ae4b8,7ce7f671-bb8e-57b7-aa14-9f1d0403e204
Gipsfaserplatte (10mm),6d535792-4351-4d7d-97c6-6d2c3624f3e0,ff0f4b64-9735-4402-a053-dd34f2edd422,6d535792-4351-4d7d-97c6-6d2c3624f3e0,6d535792-4351-4d7d-97c6-6d2c3624f3e0,6d535792-4351-4d7d-97c6-6d2c3624f3e0,6d535792-4351-4d7d-97c6-6d2c3624f3e0,6d535792-4351-4d7d-97c6-6d2c3624f3e0,6d535792-4351-4d7d-97c6-6d2c3624f3e0,Gipsfaserplatte,Gipsfaser,Dep+,RC-,0.25,,1.3,6462f506-7101-5783-a816-6b0399d8098c,1f76f82c-c24f-5794-b0e9-664256a29607
Gipsputz (innen),b7fb8ab4-e1e2-4a0b-a9c4-abd6cfa6c7f3,f8e81ff6-1886-482e-9a78-7b1246a8c8f9,b7fb8ab4-e1e2-4a0b-a9c4-abd6cfa6c7f3,b7fb8ab4-e1e2-4a0b-a9c4-abd6cfa6c7f3,b7fb8ab4-e1e2-4a0b-a9c4-abd6cfa6c7f3,b7fb8ab4-e1e2-4a0b-a9c4-abd6cfa6c7f3,b7fb8ab4-e1e2-4a0b-a9c4-abd6cfa6c7f3,b7fb8ab4-e1e2-4a0b-a9c4-abd6cfa6c7f3,Gipsputz (innen),Gipsputz (auf Gipsbaustoff),Dep+,RC-,0.25,,1.4,12887b5e-a0d5-513c-851a-8662dadb0518,1a2d954c-605f-5fdf-a4a8-99733db2d3cd
Gipsputz (innen),b7fb8ab4-e1e2-4a0b-a9c4-abd6cfa6c7f3,f8e81ff6-1886-482e-9a78-7b1246a8c8f9,b7fb8ab4-e1e2-4a0b-a9c4-abd6cfa6c7f3,b7fb8ab4-e1e2-4a0b-a9c4-abd6cfa6c7f3,b7fb8ab4-e1e2-4a0b-a9c4-abd6cfa6c7f3,b7fb8ab4-e1e2-4a0b-a9c4-abd6cfa6c7f3,b7fb8ab4-e1e2-4a0b-a9c4-abd6cfa6c7f3,b7fb8ab4-e1e2-4a0b-a9c4-abd6cfa6c7f3,Gipsputz (innen),Gipsputz (auf Massivbaustoff),Dep+,Dep+,0,,1.4,f3760a8d-50b1-584d-b085-743e010eff36,39c12551-dc99-5fbc-8673-c831094cf523
Gipsstein (CaSO4-Dihydrat),fbd76e49-0fb1-47e0-abba-903ce1272684,f7ad2652-d3a4-4d01-8f54-e668d1257ed1,fbd76e49-0fb1-47e0-abba-903ce1272684,fbd76e49-0fb1-47e0-abba-903ce1272684,fbd76e49-0fb1-47e0-abba-903ce1272684,fbd76e49-0fb1-47e0-abba-903ce1272684,fbd76e49-0fb1-47e0-abba-903ce1272684,fbd76e49-0fb1-47e0-abba-903ce1272684,Gipsstein (CaSO4-Dihydrat) Grundstoff,keine Einstufung,nicht eingestuft,n.e.,n.e.,n.e.,1.1,95b13c3a-5d2f-58b0-a1e8-a0b00bedb17e,0c2c3857-bf68-50bc-a08b-cb0d959eeaf1
Gipswandbauplatte (100mm),38a8d707-0c7f-4d91-a3db-9b5b2c9bb147,801d6e4d-4d9a-40e4-aa8f-37b722e62296,38a8d707-0c7f-4d91-a3db-9b5b2c9bb147,38a8d707-0c7f-4d91-a3db-9b5b2c9bb147,38a8d707-0c7f-4d91-a3db-9b5b2c9bb147,38a8d707-0c7f-4d91-a3db-9b5b2c9bb147,38a8d707-0c7f-4d91-a3db-9b5b2c9bb147,38a8d707-0c7f-4d91-a3db-9b5b2c9bb147,Gipswandbauplatte (100 mm),Gipsplatte,Dep+,CL+,0.75,,1.3,41d65afa-9a37-50e4-b7e8-fa5210af20b3,7ce7f671-bb8e-57b7-aa14-9f1d0403e204
Glasbausteine,1f2d6e42-9ffc-421d-990d-555eee4a7529,bf575960-32e9-47f6-833e-cba96c88dbd2,1f2d6e42-9ffc-421d-990d-555eee4a7529,1f2d6e42-9ffc-421d-990d-555eee4a7529,1f2d6e42-9ffc-421d-990d-555eee4a7529,1f2d6e42-9ffc-421d-990d-555eee4a7529,1f2d6e42-9ffc-421d-990d-555eee4a7529,1f2d6e42-9ffc-421d-990d-555eee4a7529,Glasbausteine,Glasbaustein,Dep+,SV,0.5,,1.3,dd04f434-d268-5f5b-9823-668d55fe507b,70369765-7962-5c0e-8f96-16aa12e37754
Glasarmierungsgitter,nicht vorhanden,b8a9dd13-100b-40bf-b982-06937c4c5f65,nicht vorhanden,nicht vorhanden,nicht vorhanden,nicht vorhanden,nicht vorhanden,nicht vorhanden,Glasfaser-Armierung,"Bitumenkaltkleber, Glasvlies, Glasfaserarmierung",EB,EB,0,,,d7052122-d55a-50c8-b356-3af9bc77b236,839144f3-5e58-564e-befc-9eff0e5ec1aa
,,,,,,,,,Glaskeramik-Tafeln (Fassade),Glaskeramik,RC+,RC+,1,,1.3,3299a819-454c-5ac4-8f6e-be75faa5d731,6614f3b0-e6ae-5b8a-8194-14fb20ab78d1
Glasvlies,fa976ebb-09ce-4e5b-9976-621d9ac1f12e,49ff9df1-d12d-48f6-a391-0d72d695ffcf,fa976ebb-09ce-4e5b-9976-621d9ac1f12e,fa976ebb-09ce-4e5b-9976-621d9ac1f12e,fa976ebb-09ce-4e5b-9976-621d9ac1f12e,fa976ebb-09ce-4e5b-9976-621d9ac1f12e,fa976ebb-09ce-4e5b-9976-621d9ac1f12e,fa976ebb-09ce-4e5b-9976-621d9ac1f12e,Glasvlies,"Bitumenkaltkleber, Glasvlies, Glasfaserarmierung",EB,EB,0,,6.6,f62d0053-9bec-5d41-ba25-7ebd7e7c8bb3,839144f3-5e58-564e-befc-9eff0e5ec1aa
Grauguss Bauteil,dbc94e02-b28f-43eb-8133-a161e9b83dfa,02beebbe-d658-461d-9f3f-a80cc3c92a83,dbc94e02-b28f-43eb-8133-a161e9b83dfa,dbc94e02-b28f-43eb-8133-a161e9b83dfa,dbc94e02-b28f-43eb-8133-a161e9b83dfa,dbc94e02-b28f-43eb-8133-a161e9b83dfa,dbc94e02-b28f-43eb-8133-a161e9b83dfa,dbc94e02-b28f-43eb-8133-a161e9b83dfa,Grauguss Bauteil,"Stahl - Baustahl (zB Stahlträger,..)",CL+,CL+,1,,4.1,af79bdb0-c58e-5781-8a6d-f41e0c507326,f6aee52d-7602-555c-9b67-f300c542341d
Gründach extensiv (ohne Geländer),nicht vorhanden,b2edf535-557e-486a-9c31-8ad569c5f2ce,nicht vorhanden,nicht vorhanden,nicht vorhanden,nicht vorhanden,nicht vorhanden,nicht vorhanden,Gründach extensiv (ohne Geländer),nicht eingestuft,n.e.,n.e.,n.e.,,10.1,99a43d7d-0a50-56fc-a65f-5b799a2a9f23,ef961829-1f5b-52ad-a6f7-8c77cea76d5c
Gründach extensiv mit Edelstahlgeländer,nicht vorhanden,8dd8de23-d86c-4a10-ab8c-4fc3f11688f1,nicht vorhanden,nicht vorhanden,nicht vorhanden,nicht vorhanden,nicht vorhanden,nicht vorhanden,Gründach extensiv mit Edelstahlgeländer,nicht eingestuft,n.e.,n.e.,n.e.,,10.1,e4857146-3a68-505d-b311-ae1cbde9a190,ef961829-1f5b-52ad-a6f7-8c77cea76d5c
Gründach intensiv mit Edelstahlgeländer,nicht vorhanden,a1f68d1e-35b8-4a44-8200-e030a7b23135,nicht vorhanden,nicht vorhanden,nicht vorhanden,nicht vorhanden,nicht vorhanden,nicht vorhanden,Gründach intensiv mit Edelstahlgeländer,nicht eingestuft,n.e.,n.e.,n.e.,,10.1,85aa1589-e486-5113-b6e6-101e5455410b,ef961829-1f5b-52ad-a6f7-8c77cea76d5c
Gummi-Bodenbelag mit Schaumstoffbeschichtung EN 1816,7d8cb95b-99c2-4824-97a0-55d2fca5cedd,3da2134f-da14-40fe-9861-84d4ccee9fef,7d8cb95b-99c2-4824-97a0-55d2fca5cedd,7d8cb95b-99c2-4824-97a0-55d2fca5cedd,7d8cb95b-99c2-4824-97a0-55d2fca5cedd,7d8cb95b-99c2-4824-97a0-55d2fca5cedd,7d8cb95b-99c2-4824-97a0-55d2fca5cedd,7d8cb95b-99c2-4824-97a0-55d2fca5cedd,Gummi-Bodenbelag mit Schaumstoffbeschichtung EN 1816 (4 mm),Elast BB - Gummibelag,EV-,EV-,0,,6.2,a1b345f1-d901-5cff-bed3-fe24e5cd7e84,53a24d08-09db-5325-b132-e57a19fc2faa
Gummi-Bodenbelag profiliert EN 12199,f814e7e2-e438-4ea9-80cc-81254d01aba2,df441c17-25cb-4a50-add5-a2928933903d,f814e7e2-e438-4ea9-80cc-81254d01aba2,f814e7e2-e438-4ea9-80cc-81254d01aba2,f814e7e2-e438-4ea9-80cc-81254d01aba2,f814e7e2-e438-4ea9-80cc-81254d01aba2,f814e7e2-e438-4ea9-80cc-81254d01aba2,f814e7e2-e438-4ea9-80cc-81254d01aba2,"Gummi-Bodenbelag profiliert EN 12199 (3,55 mm)",Elast BB - Gummibelag,EV-,EV-,0,,6.2,1c71a228-55e5-54ec-8a13-131b3b0afc87,53a24d08-09db-5325-b132-e57a19fc2faa
Gussasphalt,ad94ce55-af1d-4da0-963c-bf263aaa37ee,2d7f6993-c585-4674-b030-348434efeaca,ad94ce55-af1d-4da0-963c-bf263aaa37ee,ad94ce55-af1d-4da0-963c-bf263aaa37ee,ad94ce55-af1d-4da0-963c-bf263aaa37ee,ad94ce55-af1d-4da0-963c-bf263aaa37ee,ad94ce55-af1d-4da0-963c-bf263aaa37ee,ad94ce55-af1d-4da0-963c-bf263aaa37ee,Gussasphalt,Asphalt (Hochbau),Dep+,CL+,0.75,,1.5,c8df71c4-fc71-56c4-b30f-c2833dcb2d6f,6b413e09-fd33-5f1f-8706-8a2293b95d1d
Gussasphaltestrich,5bebcf89-2e6b-46ce-b05e-3e02929c8af4,40ef1e7b-920d-4fe4-a8ec-3a540ef93c65,5bebcf89-2e6b-46ce-b05e-3e02929c8af4,5bebcf89-2e6b-46ce-b05e-3e02929c8af4,5bebcf89-2e6b-46ce-b05e-3e02929c8af4,5bebcf89-2e6b-46ce-b05e-3e02929c8af4,5bebcf89-2e6b-46ce-b05e-3e02929c8af4,5bebcf89-2e6b-46ce-b05e-3e02929c8af4,Gussasphaltestrich,Gussasphaltestrich,Dep+,CL+,0.75,,1.5,70634b2d-1691-501a-937f-c63a5da24c2d,6dde9ce1-1dd2-5d92-a714-184a527db685
Gussteile aus Aluminium,1e8e3c3e-aad0-44ef-977e-d040c4597df0,568f2c96-2d04-43ff-bf03-8e48de9f11ff,1e8e3c3e-aad0-44ef-977e-d040c4597df0,1e8e3c3e-aad0-44ef-977e-d040c4597df0,1e8e3c3e-aad0-44ef-977e-d040c4597df0,1e8e3c3e-aad0-44ef-977e-d040c4597df0,1e8e3c3e-aad0-44ef-977e-d040c4597df0,1e8e3c3e-aad0-44ef-977e-d040c4597df0,Gussteile aus Aluminium,Alu Guss,CL+,CL+,1,,4.3,6f95f3da-e531-5d00-a9c4-cc0f872307ef,515b4c80-8f17-58e3-98f0-7f7d6b368fc7
Hackschnitzelkessel < 20 kW,nicht vorhanden,53498e40-4f1d-42cb-8b40-911229d5acef,nicht vorhanden,nicht vorhanden,nicht vorhanden,nicht vorhanden,nicht vorhanden,nicht vorhanden,Hackschnitzelkessel < 20 kW,nicht eingestuft,n.e.,n.e.,n.e.,,8.1,2176a213-584b-574a-9d28-f11380133066,ef961829-1f5b-52ad-a6f7-8c77cea76d5c
Hackschnitzelkessel 120 - 400 kW,,cc68520e-a68c-4d9c-b343-38575a1ff57c,,,,,,,Hackschnitzelkessel 120 - 400 kW,nicht eingestuft,n.e.,n.e.,n.e.,,8.1,fc362e69-8513-5bf0-ae23-34669f7e8a87,ef961829-1f5b-52ad-a6f7-8c77cea76d5c
Hackschnitzelkessel 20 - 120 kW,,ec371486-0d42-4381-a4bb-95596c31c202,,,,,,,Hackschnitzelkessel 20 - 120 kW,nicht eingestuft,n.e.,n.e.,n.e.,,8.1,aace201c-c29e-58e5-ab0a-819ce1a4e5f0,ef961829-1f5b-52ad-a6f7-8c77cea76d5c
,,,,,,,,,Hanfdämmplatte (druckbelastet),"DS Pflanzenfaser mit Zusatzstoffen (FSM, Bindemittel)",EV-,EV-,0,,2.13,76202219-7de3-5ed5-9c6a-44d2a3351bbb,4e9dc745-0083-5c18-9144-dc31c9173cd1
,,,,,,,,,Hanfdämmplatte (nicht druckbelastet),"DS Pflanzenfaser mit Zusatzstoffen (FSM, Bindemittel)",EV-,EV-,0,,2.13,b1b358da-f783-52e6-8e2d-800f30564574,4e9dc745-0083-5c18-9144-dc31c9173cd1
Hanfvlies,5ef0c519-f5b2-4d45-809d-5f417f90e90b,6505a4d0-df9a-4f7f-8a10-fa4ef36629ad,5ef0c519-f5b2-4d45-809d-5f417f90e90b,5ef0c519-f5b2-4d45-809d-5f417f90e90b,5ef0c519-f5b2-4d45-809d-5f417f90e90b,5ef0c519-f5b2-4d45-809d-5f417f90e90b,5ef0c519-f5b2-4d45-809d-5f417f90e90b,5ef0c519-f5b2-4d45-809d-5f417f90e90b,Hanfvlies mit Flammschutzmittel,"DS Pflanzenfaser mit Zusatzstoffen (FSM, Bindemittel)",EV-,EV-,0,,2.13,f96c2512-4f3a-55c0-95ad-d453666420e1,4e9dc745-0083-5c18-9144-dc31c9173cd1
Harnstoff-Formaldehydharz Ortschaum,08bdbef6-9134-422f-8504-00eeee75d31f,1bf43844-2f42-499e-a177-e65d98cbbf68,08bdbef6-9134-422f-8504-00eeee75d31f,08bdbef6-9134-422f-8504-00eeee75d31f,08bdbef6-9134-422f-8504-00eeee75d31f,08bdbef6-9134-422f-8504-00eeee75d31f,08bdbef6-9134-422f-8504-00eeee75d31f,08bdbef6-9134-422f-8504-00eeee75d31f,Harnstoff-Formaldehydharz Ortschaum,"KSTDämm (Phenol, Melamin,…)",EB,EB,0,,2.16,c2e1b727-22ac-5af8-8270-bb76d6fd6e63,6ff7c22b-634d-5ad0-a57d-ecc307e1f78b
,,,,,,,,,Hartholzfaser-Platten,"Holzfaser, Hartfaser",EV+,EV+,0.5,,3.2,8dab27c7-42d7-5d97-a131-a9034f8d8c63,3917747e-d796-567d-9e7a-0bcf70674e46
,,,,,,,,,HDF-Platte,Holzfaser - HDF/MDF,EV+,RC-,0.25,,3.2,4f0f6f66-d531-5708-ba56-1463e603ba42,44a4fe76-2997-5cff-bcbd-6b376266ae94
Heizkörper,nicht vorhanden,190aaf0f-6599-4886-abf0-b067d4083179,nicht vorhanden,nicht vorhanden,nicht vorhanden,nicht vorhanden,nicht vorhanden,nicht vorhanden,Heizkörper,nicht eingestuft,n.e.,n.e.,n.e.,,8.1,1108e218-6481-5c9b-85cd-d848de945797,ef961829-1f5b-52ad-a6f7-8c77cea76d5c
,,,,,,,,,"Hochlochziegel (hochporosiert), ohne Mörtel / Kleb.",Ziegel - HLZ hochporosiert,SV,RC-,0.75,,1.3,1eed3e8c-016c-5007-ba69-bb09b8d314c4,ac3cd35f-8e68-5d28-8cd9-f72e2cffe1e5
,,,,,,,,,"Hochlochziegel mineralisch gefüllt, ohne Mörtel / Kleb.",Ziegel mineralisch gefüllt,Dep+,RC-,0.75,,1.3,55175ae6-2ba2-54d0-ab55-1d9bca8277e9,7f5afdab-76e0-5703-95f9-7576d2d52c4d
1.3.02. Mauerziegel (mit Polystyrol gefüllt),nicht vorhanden,a26a956b-1520-4d1b-8cff-9e71fc119994,nicht vorhanden,nicht vorhanden,nicht vorhanden,nicht vorhanden,nicht vorhanden,nicht vorhanden,"Hochlochziegel organisch gefüllt, ohne Mörtel / Kleb.",Ziegel EPS gefüllt,Dep-,RC-,0.75,,,fc87b42c-e4cc-533f-a284-282176679620,42fb8e72-54ef-5d1d-9927-0cbe45e96667
Holz-Blendrahmen,4127e60a-3c42-4076-83f5-5232b4ed642e,ffd4bc0e-1d99-4e84-8710-6dcbf34a98a6,4127e60a-3c42-4076-83f5-5232b4ed642e,4127e60a-3c42-4076-83f5-5232b4ed642e,4127e60a-3c42-4076-83f5-5232b4ed642e,4127e60a-3c42-4076-83f5-5232b4ed642e,4127e60a-3c42-4076-83f5-5232b4ed642e,4127e60a-3c42-4076-83f5-5232b4ed642e,Holz-Blendrahmen,Holzrahmen,EV+,EV+,0,,7.1,e1df5df0-fb99-5f92-ab9a-213a9b4c0562,1db95e34-b4d0-51f6-a1b7-84bf792a1d6a
,,,,,,,,,Holzdielenboden - unproblem. Beschichtet,Holzdielenboden,RC+,CL-,1,,3.3,6f2304f9-b444-563d-9089-c59bcc2764e0,fe683947-6107-5b4e-b39c-55fbacb43dee
Holzfaserdämmplatte (Nassverfahren),393f494d-8738-4330-aa5e-1652bb29b574,eefa40b3-7156-43a9-b197-b908f204432b,393f494d-8738-4330-aa5e-1652bb29b574,393f494d-8738-4330-aa5e-1652bb29b574,393f494d-8738-4330-aa5e-1652bb29b574,393f494d-8738-4330-aa5e-1652bb29b574,393f494d-8738-4330-aa5e-1652bb29b574,393f494d-8738-4330-aa5e-1652bb29b574,Holzfaserdämmplatte (Nassverfahren),"Holzfaser, Rho<200",EV-,RC-,0.5,,2.1,e2db49cb-1fd5-5308-99c0-a19663d16c33,ee0a4edd-97b7-55e3-a3fd-763cd491fbc6
,,,,,,,,,"Holzrahmen Fichte mit Aludeckschale [kg/m² Rahmen] t=0,088 ","Holz-Alu-Rahmen, Regelvermutung HSM",EV+,EV+,0,,7.1,e7ce9fca-ee16-5e5b-897c-a367f43e6548,1f1a4e28-2d8b-5def-afa1-0628d3aa2ca6
,,,,,,,,,"Holzrahmen Fichte mit Aludeckschale [kg/m² Rahmen] t=0,088 ohne HSM","Holz-Alu-Rahmen, Nachweis kein HSM",RC-,RC+,0.75,,7.1,41340afa-b4c1-5cf0-9813-6579e7e611ee,e9ea3a55-7903-52b5-b928-0a096eb6c878
,,,,,,,,,"Holzrahmen Lärche mit Aludeckschale [kg/m² Rahmen] t=0,088 ","Holz-Alu-Rahmen, Regelvermutung HSM",EV+,EV+,0,,7.1,a3c2d2c4-8ffd-59c8-b467-b982c79cd12e,1f1a4e28-2d8b-5def-afa1-0628d3aa2ca6
,,,,,,,,,"Holzrahmen Lärche mit Aludeckschale [kg/m² Rahmen] t=0,088 ohne HSM","Holz-Alu-Rahmen, Nachweis kein HSM",RC-,RC+,0.75,,7.1,2e003e5f-cfe5-5be0-84f3-9b4525fce0ec,e9ea3a55-7903-52b5-b928-0a096eb6c878
Holz-Flügelrahmen,318f08e0-1b04-49eb-ab16-531482cd75da,7907e693-d970-4958-adfd-223b541fc731,318f08e0-1b04-49eb-ab16-531482cd75da,318f08e0-1b04-49eb-ab16-531482cd75da,318f08e0-1b04-49eb-ab16-531482cd75da,318f08e0-1b04-49eb-ab16-531482cd75da,318f08e0-1b04-49eb-ab16-531482cd75da,318f08e0-1b04-49eb-ab16-531482cd75da,Holz-Flügelrahmen,Holzrahmen,EV+,EV+,0,,7.1,586a4ca4-1b43-53c2-acf2-3bc6c7337cc6,1db95e34-b4d0-51f6-a1b7-84bf792a1d6a
,,,,,,,,,"Holzrahmen PH mit Aludeckschale [kg/m² Rahmen] t=0,155 ","Holz-Alu-Rahmen, Regelvermutung HSM",EV+,EV+,0,,7.1,4a3c11b9-9383-5595-a2d1-4e0ac7b677d6,1f1a4e28-2d8b-5def-afa1-0628d3aa2ca6
,,,,,,,,,"Holzrahmen PH mit Aludeckschale [kg/m² Rahmen] t=0,155 ohne HSM","Holz-Alu-Rahmen, Nachweis kein HSM",RC-,RC+,0.75,,7.1,ab0fece6-e12a-5fda-9756-da0d47ad74bc,e9ea3a55-7903-52b5-b928-0a096eb6c878
Holzwolle-Leichtbauplatte,76d3f78a-8743-49fe-b4a1-f43b819cb930,bd815e7e-3b87-4a2a-b51e-fd56488de930,76d3f78a-8743-49fe-b4a1-f43b819cb930,76d3f78a-8743-49fe-b4a1-f43b819cb930,76d3f78a-8743-49fe-b4a1-f43b819cb930,76d3f78a-8743-49fe-b4a1-f43b819cb930,76d3f78a-8743-49fe-b4a1-f43b819cb930,76d3f78a-8743-49fe-b4a1-f43b819cb930,Holzwolle-Leichtbauplatte,Holzzement,Dep-,SV,0.25,,2.7,146daaab-03b4-5abf-b538-4cd27cddf5ac,e9471e11-f091-58c5-9139-f783f619cabd
HPL-Platte,8cf90240-cbdd-4415-93a8-9c56da22f111,b2afc2f7-d973-442f-bda4-5d37a047534f,8cf90240-cbdd-4415-93a8-9c56da22f111,8cf90240-cbdd-4415-93a8-9c56da22f111,8cf90240-cbdd-4415-93a8-9c56da22f111,8cf90240-cbdd-4415-93a8-9c56da22f111,8cf90240-cbdd-4415-93a8-9c56da22f111,8cf90240-cbdd-4415-93a8-9c56da22f111,HPL-Platte (High pressure Laminate),HPL,EV+,EV+,0,,6.5,374deb97-1e63-5dca-9e30-331d5eb8871f,cc545e58-1f49-5c23-93e0-53814a2c6ec1
Hüttenstein,a4fceab4-71a2-46c9-ac9a-19a964d48ce5,9fb201e2-741a-49bb-871d-098bfa312f8e,a4fceab4-71a2-46c9-ac9a-19a964d48ce5,a4fceab4-71a2-46c9-ac9a-19a964d48ce5,a4fceab4-71a2-46c9-ac9a-19a964d48ce5,a4fceab4-71a2-46c9-ac9a-19a964d48ce5,a4fceab4-71a2-46c9-ac9a-19a964d48ce5,a4fceab4-71a2-46c9-ac9a-19a964d48ce5,Hüttensteine,Hüttenstein,RC-,RC-,1,,1.3,227a7f9a-adb1-577b-8a6b-ed4024e6a3de,7ad1fe9d-63bb-5ea0-a8e9-9ff771136b1f
Innendispersionsfarbe scheuerfest,35be6146-5a80-4a9e-a32d-5d05c03a8d5c,fd7496b3-e4d0-45f6-838b-4db5bc3a66e8,35be6146-5a80-4a9e-a32d-5d05c03a8d5c,35be6146-5a80-4a9e-a32d-5d05c03a8d5c,35be6146-5a80-4a9e-a32d-5d05c03a8d5c,35be6146-5a80-4a9e-a32d-5d05c03a8d5c,35be6146-5a80-4a9e-a32d-5d05c03a8d5c,35be6146-5a80-4a9e-a32d-5d05c03a8d5c,Innenfarbe Dispersionsfarbe scheuerfest,"Farben, sonstige Beschichtungen (mineral. Untergrund)",Dep-,Dep-,0,,5.5,dc81921e-d055-5ee8-b29c-c72894a1ed86,829e10d4-7bee-5873-9da8-c4083e7de8b5
,,,,,,,,,"Innentür (Pappe mit Wabenstruktur), Fl.gew.8 kg/m², laminiert oder lackiert ","Innentür - Karton, Röhrenspanstreifen",EV-,EV-,0,,7.6,ef901310-8cce-5a19-a704-97e7766c8aaf,bc526a19-d65b-58f6-b2e4-f2327cfef809
,,,,,,,,,"Innentür (Röhrenspanplatte), Fl.gew.15 kg/m², laminiert oder lackiert ","Innentür - Karton, Röhrenspanstreifen",EV-,EV-,0,,7.6,22c2204f-6abb-53bc-9d2b-f3d7a8d7ad7e,bc526a19-d65b-58f6-b2e4-f2327cfef809
,,,,,,,,,"Innentür (Röhrenspanstreifen), Fl.gew.12 kg/m², laminiert oder lackiert ","Innentür - Karton, Röhrenspanstreifen",EV-,EV-,0,,7.6,e6e03fb9-963d-5215-8cea-d6e2c64b82c9,bc526a19-d65b-58f6-b2e4-f2327cfef809
,,,,,,,,,"Innentür (Vollspanplatte), Fl.gew.23 kg/m², laminiert oder lackiert",Innentür - Spanplatte,EV-,RC-,0.75,,7.6,094dd735-d73e-51c3-bd6d-fa4e310ac108,f46e8892-66e2-571f-a304-dc385171cabf
,,,,,,,,,"Innentür (Vollspanplatte), Fl.gew.34 kg/m², laminiert oder lackiert",Innentür - Spanplatte,EV-,RC-,0.75,,7.6,70008cd2-a56c-5346-bf4c-645e57ae3edb,f46e8892-66e2-571f-a304-dc385171cabf
,,,,,,,,,"Innentür Massivholz, lackiert, Fl.gewicht 12 kg/m²","Innentür - Holz massiv, beschichtet",RC+,CL-,1,,7.6,8ead66aa-ca06-504b-9de8-bbe133270df0,0bd12b12-e0f0-52ab-afcb-5575fad550ff
,,,,,,,,,"Innentür Massivholz, unbehandelt oder geölt, Fl.gew. 12 kg/m²","Innentür - Holz massiv, unbeschichtet",RC+,CL+,0.75,,7.6,a9f1496b-d540-5f1a-8569-ae2eb7f5af08,f96e971d-fe73-5d6d-9744-3442cfca395c
,,,,,,,,,"Innentür Metallzarge lackiert, Gewicht/lfm, d (IW)=10cm",Stahl - Stahl(blech) verzinkt,CL-,CL-,1,,7.6,5d305258-894b-548d-bc64-c344be6fedc6,248980fe-c40c-527d-b285-4dc2c2ed30b1
,,,,,,,,,"Innentür Metallzarge lackiert, Gewicht/lfm, d (IW)=20cm",Stahl - Stahl(blech) verzinkt,CL-,CL-,1,,7.6,b6b1e741-b3ac-50a9-880c-33384ba75ea3,248980fe-c40c-527d-b285-4dc2c2ed30b1
,,,,,,,,,"Innentür Metallzarge lackiert, Gewicht/Stk, d (IW)=10cm, Türlichte 0,9 x 2,0",Stahl - Stahl(blech) verzinkt,CL-,CL-,1,,7.6,5e7eb799-afc1-5760-a335-a83d2f3c4663,248980fe-c40c-527d-b285-4dc2c2ed30b1
,,,,,,,,,"Innentür Metallzarge lackiert, Gewicht/Stk, d (IW)=20cm, Türlichte 0,9 x 2,0",Stahl - Stahl(blech) verzinkt,CL-,CL-,1,,7.6,d34209be-89f4-5e33-96be-20af6cc0bcc8,248980fe-c40c-527d-b285-4dc2c2ed30b1
Isolierglas 2-Scheiben,d941f45e-1244-419c-a083-e4a49fb5498e,c58cb849-f05f-4edf-af22-8f87c1f84975,d941f45e-1244-419c-a083-e4a49fb5498e,d941f45e-1244-419c-a083-e4a49fb5498e,d941f45e-1244-419c-a083-e4a49fb5498e,d941f45e-1244-419c-a083-e4a49fb5498e,d941f45e-1244-419c-a083-e4a49fb5498e,d941f45e-1244-419c-a083-e4a49fb5498e,Isolierglas 2-Scheiben,Wärmeschutzverglasung,RC-,RC+,0.5,,7.2,5c581a2d-759f-5a8c-a53f-61f00a039614,a1881693-d924-5502-8d5a-0e7bde7f0533
Kabel 1 adrig,nicht vorhanden,59750b68-e513-446d-818d-cbe3cda6acd8,nicht vorhanden,nicht vorhanden,nicht vorhanden,nicht vorhanden,nicht vorhanden,nicht vorhanden,Kabel 1 adrig,nicht eingestuft,n.e.,n.e.,n.e.,,8.4,b2af5c3b-18ad-561e-91db-de98ec9ade62,ef961829-1f5b-52ad-a6f7-8c77cea76d5c
Kabel 3 adrig,,c9f3de03-55fb-4d50-8e55-2d718e46ff61,,,,,,,Kabel 3 adrig,nicht eingestuft,n.e.,n.e.,n.e.,,8.4,dfc007bf-4d0a-5651-ad55-35473830f1aa,ef961829-1f5b-52ad-a6f7-8c77cea76d5c
Kabel 5 adrig,,7856b133-31a0-4059-b368-dc227108336e,,,,,,,Kabel 5 adrig,nicht eingestuft,n.e.,n.e.,n.e.,,8.4,40fe4613-1ab3-54cd-9c03-17940651f00f,ef961829-1f5b-52ad-a6f7-8c77cea76d5c
Kabel CAT 7,,9d929c66-5acb-4d2e-b5c1-b3c8b3b9930c,,,,,,,Kabel CAT 7,nicht eingestuft,n.e.,n.e.,n.e.,,8.4,b5ddf21d-1ca9-5fe7-95af-61d4251c1e68,ef961829-1f5b-52ad-a6f7-8c77cea76d5c
Kabelkanal PVC hart,57a22bb4-0370-471f-b76c-52699e702966,10a77041-9968-4a59-ab18-711b14797f04,57a22bb4-0370-471f-b76c-52699e702966,57a22bb4-0370-471f-b76c-52699e702966,57a22bb4-0370-471f-b76c-52699e702966,57a22bb4-0370-471f-b76c-52699e702966,57a22bb4-0370-471f-b76c-52699e702966,57a22bb4-0370-471f-b76c-52699e702966,Kabelkanal PVC hart,nicht eingestuft,n.e.,n.e.,n.e.,,6.4,29aa5f73-911d-53b5-abd6-21e0ea219c18,ef961829-1f5b-52ad-a6f7-8c77cea76d5c
"Kalk (CaO, Feinkalk)",d1d6f54d-9709-4302-8276-fdb7d06801fd,d63868d0-5a54-40fd-ad33-5eee2b0228e1,d1d6f54d-9709-4302-8276-fdb7d06801fd,d1d6f54d-9709-4302-8276-fdb7d06801fd,d1d6f54d-9709-4302-8276-fdb7d06801fd,d1d6f54d-9709-4302-8276-fdb7d06801fd,d1d6f54d-9709-4302-8276-fdb7d06801fd,d1d6f54d-9709-4302-8276-fdb7d06801fd,"Kalk (CaO, Feinkalk) Grundstoff nicht eingestuft",nicht eingestuft,n.e.,n.e.,n.e.,,1.1,88125fa1-9443-5822-8ab4-7ddf2f24e8b3,ef961829-1f5b-52ad-a6f7-8c77cea76d5c
Kalkfarbe,7baed44c-c80b-4340-b3af-f01d71fbbb43,5a4cd709-d5a4-40ba-9557-d7a546bb4ce0,7baed44c-c80b-4340-b3af-f01d71fbbb43,7baed44c-c80b-4340-b3af-f01d71fbbb43,7baed44c-c80b-4340-b3af-f01d71fbbb43,7baed44c-c80b-4340-b3af-f01d71fbbb43,7baed44c-c80b-4340-b3af-f01d71fbbb43,7baed44c-c80b-4340-b3af-f01d71fbbb43,Kalkfarbe,"Farben, sonstige Beschichtungen (mineral. Untergrund)",Dep-,Dep-,0,,5.5,5725b339-6f77-5b23-b9f9-f729ea766c31,829e10d4-7bee-5873-9da8-c4083e7de8b5
Kalk-Gips-Innenputz,nicht vorhanden,4906fae7-6013-4d08-a765-642314c0bfd2,nicht vorhanden,nicht vorhanden,nicht vorhanden,nicht vorhanden,nicht vorhanden,nicht vorhanden,Kalk-Gips-Innenputz auf Massivbaustoff,Gipsputz (auf Gipsbaustoff),Dep+,RC-,0.25,,1.4,d4359db6-4d16-5f80-afb9-2a4fdc6c4468,1a2d954c-605f-5fdf-a4a8-99733db2d3cd
Kalk-Gips-Innenputz,70f6e305-e46f-4719-a94f-70267b936029,4906fae7-6013-4d08-a765-642314c0bfd2,70f6e305-e46f-4719-a94f-70267b936029,70f6e305-e46f-4719-a94f-70267b936029,70f6e305-e46f-4719-a94f-70267b936029,70f6e305-e46f-4719-a94f-70267b936029,70f6e305-e46f-4719-a94f-70267b936029,70f6e305-e46f-4719-a94f-70267b936029,Kalk-Gips-Innenputz auf Gipsbaustoff,Gipsputz (auf Massivbaustoff),Dep+,Dep+,0,,1.4,d4f115e1-eac1-5280-bd2e-a0c31de15e31,39c12551-dc99-5fbc-8673-c831094cf523
Kalk-Innenputz,07f3cd13-22bb-494d-803a-f0a440fbce7a,e0fdab1d-684b-44a5-8453-ef0f887addab,07f3cd13-22bb-494d-803a-f0a440fbce7a,07f3cd13-22bb-494d-803a-f0a440fbce7a,07f3cd13-22bb-494d-803a-f0a440fbce7a,07f3cd13-22bb-494d-803a-f0a440fbce7a,07f3cd13-22bb-494d-803a-f0a440fbce7a,07f3cd13-22bb-494d-803a-f0a440fbce7a,Kalk-Innenputz,"mineral. Putz, Mörtel, Kleber",Dep+,Dep+,0,,1.4,0a239d9a-30b8-5e82-992c-16789d010247,de8525b4-fbf3-5c62-abec-ca8db74dc92b
Kalkputzmörtel,d7f4a913-441f-4c21-aae5-42e421737e29,54e731d4-b14d-48eb-bbe5-02eb19e6a7e3,d7f4a913-441f-4c21-aae5-42e421737e29,d7f4a913-441f-4c21-aae5-42e421737e29,d7f4a913-441f-4c21-aae5-42e421737e29,d7f4a913-441f-4c21-aae5-42e421737e29,d7f4a913-441f-4c21-aae5-42e421737e29,d7f4a913-441f-4c21-aae5-42e421737e29,Kalkputzmörtel,"mineral. Putz, Mörtel, Kleber",Dep+,Dep+,0,,1.4,7f9658ba-de17-5e10-a56a-cc29773d9c0f,de8525b4-fbf3-5c62-abec-ca8db74dc92b
Kalksandstein,29e6c6cf-0552-4e4b-85c7-26a68a625252,722467a6-68cb-4676-bf9f-c6ea1d36594f,29e6c6cf-0552-4e4b-85c7-26a68a625252,29e6c6cf-0552-4e4b-85c7-26a68a625252,29e6c6cf-0552-4e4b-85c7-26a68a625252,29e6c6cf-0552-4e4b-85c7-26a68a625252,29e6c6cf-0552-4e4b-85c7-26a68a625252,29e6c6cf-0552-4e4b-85c7-26a68a625252,Kalksandstein,Kalksandstein,SV,RC-,0.75,,1.3,c6fdbd73-238f-5a2f-8cff-923fc00a7528,76cc0286-eccf-5e46-8c00-99174a1ab203
Kalkzement Putzmörtel,dea7df16-f59b-4842-a66c-cb9463a58ae3,cf335713-922c-446a-ba90-f225534bfc03,dea7df16-f59b-4842-a66c-cb9463a58ae3,dea7df16-f59b-4842-a66c-cb9463a58ae3,dea7df16-f59b-4842-a66c-cb9463a58ae3,dea7df16-f59b-4842-a66c-cb9463a58ae3,dea7df16-f59b-4842-a66c-cb9463a58ae3,dea7df16-f59b-4842-a66c-cb9463a58ae3,Kalkzement Putzmörtel,"mineral. Putz, Mörtel, Kleber",Dep+,Dep+,0,,1.4,e9d28346-92eb-5692-a07b-13c45fdbc424,de8525b4-fbf3-5c62-abec-ca8db74dc92b
Kalkzementmörtel,50180064-236e-4e52-9a1e-f172dde80844,d225240a-821d-469b-add2-f2c5f93b9b3f,50180064-236e-4e52-9a1e-f172dde80844,50180064-236e-4e52-9a1e-f172dde80844,50180064-236e-4e52-9a1e-f172dde80844,50180064-236e-4e52-9a1e-f172dde80844,50180064-236e-4e52-9a1e-f172dde80844,50180064-236e-4e52-9a1e-f172dde80844,Kalkzementmörtel,"mineral. Putz, Mörtel, Kleber",Dep+,Dep+,0,,1.4,a15b3dd0-d851-5e3d-bae2-6d2c87c5973d,de8525b4-fbf3-5c62-abec-ca8db74dc92b
"Kalziumhydroxid (Ca(OH)2, trocken, gelöscht)",39bd1632-3f36-410c-86d9-cab27e91b1c5,759f9742-cd53-4b8f-b8ae-dec49c3378e9,39bd1632-3f36-410c-86d9-cab27e91b1c5,39bd1632-3f36-410c-86d9-cab27e91b1c5,39bd1632-3f36-410c-86d9-cab27e91b1c5,39bd1632-3f36-410c-86d9-cab27e91b1c5,39bd1632-3f36-410c-86d9-cab27e91b1c5,39bd1632-3f36-410c-86d9-cab27e91b1c5,"Kalziumhydroxid (Ca(OH)2, trocken, gelöscht) Grundstoff nicht eingestuft",nicht eingestuft,n.e.,n.e.,n.e.,,1.1,424d9106-b666-56e4-8be4-bccae1e59367,ef961829-1f5b-52ad-a6f7-8c77cea76d5c
Kältemaschine (500kW),nicht vorhanden,fb40e2a0-03df-4ee4-8947-29068389e8d5,nicht vorhanden,nicht vorhanden,nicht vorhanden,nicht vorhanden,nicht vorhanden,nicht vorhanden,Kältemaschine (500kW),nicht eingestuft,n.e.,n.e.,n.e.,,8.2,89abeb88-c274-50ef-b57e-a1989b18bd7a,ef961829-1f5b-52ad-a6f7-8c77cea76d5c
Kältemittel R404a,nicht vorhanden,c3ed198f-1951-4bc2-8802-372454e9b4a2,nicht vorhanden,nicht vorhanden,nicht vorhanden,nicht vorhanden,nicht vorhanden,nicht vorhanden,Kältemittel R404a,nicht eingestuft,n.e.,n.e.,n.e.,,8.2,632ecdfe-1352-5f95-baa3-fa860292ad66,ef961829-1f5b-52ad-a6f7-8c77cea76d5c
Kältemittel R407c,nicht vorhanden,88d58ba3-8ed7-453c-b29c-cce9711867cb,nicht vorhanden,nicht vorhanden,nicht vorhanden,nicht vorhanden,nicht vorhanden,nicht vorhanden,Kältemittel R407c,nicht eingestuft,n.e.,n.e.,n.e.,,8.2,6b74fcc3-bc33-5da4-ae02-5e81abee963b,ef961829-1f5b-52ad-a6f7-8c77cea76d5c
Kältemittel R410a,nicht vorhanden,06201aae-fd01-450d-ad24-e16b74fc2342,nicht vorhanden,nicht vorhanden,nicht vorhanden,nicht vorhanden,nicht vorhanden,nicht vorhanden,Kältemittel R410a,nicht eingestuft,n.e.,n.e.,n.e.,,8.2,d2566268-3a0d-51a6-aed6-992e4084e1b5,ef961829-1f5b-52ad-a6f7-8c77cea76d5c
Kautschuk-Dichtmasse,7a4d3393-a33a-47c8-b42f-42d8ec6a90f6,eee26d67-c05d-4c1c-8502-0e42c91f37fc,7a4d3393-a33a-47c8-b42f-42d8ec6a90f6,7a4d3393-a33a-47c8-b42f-42d8ec6a90f6,7a4d3393-a33a-47c8-b42f-42d8ec6a90f6,7a4d3393-a33a-47c8-b42f-42d8ec6a90f6,7a4d3393-a33a-47c8-b42f-42d8ec6a90f6,7a4d3393-a33a-47c8-b42f-42d8ec6a90f6,Kautschuk-Dichtmasse,"Bitumenkaltkleber, Glasvlies, Glasfaserarmierung,..",EB,EB,0,,6.7,1445599a-1981-58cf-92a2-0210f0b31402,e5e77647-3701-5819-81c0-aa8681bfd16f
Kesselsand,c9498f76-822a-4bd8-aadd-85b3ac57462f,0902759d-b73b-46e8-a931-1a676be33e14,c9498f76-822a-4bd8-aadd-85b3ac57462f,c9498f76-822a-4bd8-aadd-85b3ac57462f,c9498f76-822a-4bd8-aadd-85b3ac57462f,c9498f76-822a-4bd8-aadd-85b3ac57462f,c9498f76-822a-4bd8-aadd-85b3ac57462f,c9498f76-822a-4bd8-aadd-85b3ac57462f,Kesselsand,Grundstoff nicht eingestuft,nicht eingestuft,n.e.,n.e.,n.e.,1.2,3d0cf6bb-1ba0-5dfe-b19a-ea5911f7d40f,71b469c3-6a93-5e60-b8f2-b24c3e39609f
Kies (Korngröße 2/32),3ce61a4e-4d91-4b1d-b675-276be05b9225,ed8da770-fc78-40cd-acb1-40f062330f9c,3ce61a4e-4d91-4b1d-b675-276be05b9225,3ce61a4e-4d91-4b1d-b675-276be05b9225,3ce61a4e-4d91-4b1d-b675-276be05b9225,3ce61a4e-4d91-4b1d-b675-276be05b9225,3ce61a4e-4d91-4b1d-b675-276be05b9225,3ce61a4e-4d91-4b1d-b675-276be05b9225,Kies 2/32,Kies / Schotter / Splitt,CL+,CL+,1,,1.2,314b629f-4380-503a-a055-008fa0a66d3e,142ffb75-f7a1-556c-bf1a-23fbf98a314b
Kies 2/32 (getrocknet),e7b1d3c2-3494-4ae6-9f98-d4d507dcd0c2,6b1052ed-f1f0-4f35-919b-3884df8da950,e7b1d3c2-3494-4ae6-9f98-d4d507dcd0c2,e7b1d3c2-3494-4ae6-9f98-d4d507dcd0c2,e7b1d3c2-3494-4ae6-9f98-d4d507dcd0c2,e7b1d3c2-3494-4ae6-9f98-d4d507dcd0c2,e7b1d3c2-3494-4ae6-9f98-d4d507dcd0c2,e7b1d3c2-3494-4ae6-9f98-d4d507dcd0c2,Kies 2/32 getrocknet,Kies / Schotter / Splitt,CL+,CL+,1,,1.2,4bc050e4-9f81-5b8a-9bfb-5b48e1579298,142ffb75-f7a1-556c-bf1a-23fbf98a314b
Kippschalter (Lichtschalter),nicht vorhanden,85e0c69f-ec3d-4dbb-bc39-fb653ea39183,nicht vorhanden,nicht vorhanden,nicht vorhanden,nicht vorhanden,nicht vorhanden,nicht vorhanden,Kippschalter (Lichtschalter),nicht eingestuft,n.e.,n.e.,n.e.,,8.4,017cae43-9ce1-54aa-b83c-705aa105098f,ef961829-1f5b-52ad-a6f7-8c77cea76d5c
Kleber für Gipsplatten,43c3fd78-c67e-438b-b726-dd512df5d881,fc442d0a-fbc4-4304-ace8-24304756e2df,43c3fd78-c67e-438b-b726-dd512df5d881,43c3fd78-c67e-438b-b726-dd512df5d881,43c3fd78-c67e-438b-b726-dd512df5d881,43c3fd78-c67e-438b-b726-dd512df5d881,43c3fd78-c67e-438b-b726-dd512df5d881,43c3fd78-c67e-438b-b726-dd512df5d881,Kleber für Gipsplatten,"mineral. Putz, Mörtel, Kleber",Dep+,Dep+,0,,1.4,49069d31-1792-533a-8a8c-d98101ca20ed,de8525b4-fbf3-5c62-abec-ca8db74dc92b
Klimagerät (Direktverdampfer) (pro 1 kW),nicht vorhanden,9da0974d-cd0c-402f-a72e-ee07f2da68d6,nicht vorhanden,nicht vorhanden,nicht vorhanden,nicht vorhanden,nicht vorhanden,nicht vorhanden,Klimagerät (Direktverdampfer) (pro 1 kW),nicht eingestuft,n.e.,n.e.,n.e.,,8.2,0fc2dac4-1d40-54e3-90ac-e92a169d57bf,ef961829-1f5b-52ad-a6f7-8c77cea76d5c
Kohlenstoffdioxid (R744),nicht vorhanden,d2ca1ae9-8d5e-480e-bd57-70c73dd1da50,nicht vorhanden,nicht vorhanden,nicht vorhanden,nicht vorhanden,nicht vorhanden,nicht vorhanden,Kohlenstoffdioxid (R744),nicht eingestuft,n.e.,n.e.,n.e.,,8.2,de299fc4-bcc1-55be-90e8-62f5df0955bb,ef961829-1f5b-52ad-a6f7-8c77cea76d5c
Kompaktleuchtstofflampe 18W (Vorschaltgerät extern),nicht vorhanden,a2a3c09c-3287-4b14-a892-34dd28c9d6c8,nicht vorhanden,nicht vorhanden,nicht vorhanden,nicht vorhanden,nicht vorhanden,nicht vorhanden,Kompaktleuchtstofflampe 18W (Vorschaltgerät extern),nicht eingestuft,n.e.,n.e.,n.e.,,8.4,c0194834-a051-57ad-8bd3-b84646dfc90f,ef961829-1f5b-52ad-a6f7-8c77cea76d5c
"Konstruktionsvollholz (generisch, 15% Feuchte / 13% H2O)",703eec32-59af-47e1-9c91-4a32afe3187f,f7f147bb-a27f-491a-9f5a-b21d6f24c61c,703eec32-59af-47e1-9c91-4a32afe3187f,703eec32-59af-47e1-9c91-4a32afe3187f,703eec32-59af-47e1-9c91-4a32afe3187f,703eec32-59af-47e1-9c91-4a32afe3187f,703eec32-59af-47e1-9c91-4a32afe3187f,703eec32-59af-47e1-9c91-4a32afe3187f,Konstruktionsvollholz - naturbelassen,"Holz - massiv, naturbelassen",RC+,CL+,0.75,,3.1,93ea5ca9-1c9d-5c96-9cc0-697aa4b88eff,9410ab32-3758-5aaa-b196-b7ecd5ce0e30
"Konstruktionsvollholz (generisch, 15% Feuchte / 13% H2O)",703eec32-59af-47e1-9c91-4a32afe3187f,f7f147bb-a27f-491a-9f5a-b21d6f24c61c,703eec32-59af-47e1-9c91-4a32afe3187f,703eec32-59af-47e1-9c91-4a32afe3187f,703eec32-59af-47e1-9c91-4a32afe3187f,703eec32-59af-47e1-9c91-4a32afe3187f,703eec32-59af-47e1-9c91-4a32afe3187f,703eec32-59af-47e1-9c91-4a32afe3187f,Konstruktionsvollholz - beschichtet,"Holz - massiv, beschichtet",RC+,CL-,1,,3.1,04a562f3-451d-52ca-ada4-36900fe446bf,3d7d45f8-3a73-5cc3-9a90-fbb8af1d34e7
"Konstruktionsvollholz (generisch, 15% Feuchte / 13% H2O)",703eec32-59af-47e1-9c91-4a32afe3187f,f7f147bb-a27f-491a-9f5a-b21d6f24c61c,703eec32-59af-47e1-9c91-4a32afe3187f,703eec32-59af-47e1-9c91-4a32afe3187f,703eec32-59af-47e1-9c91-4a32afe3187f,703eec32-59af-47e1-9c91-4a32afe3187f,703eec32-59af-47e1-9c91-4a32afe3187f,703eec32-59af-47e1-9c91-4a32afe3187f,Konstruktionsvollholz - Störstkl. S4 (Neueinstufung),"Holz - behandelt mit HSM , FSM oder Beschichtung schwermetallfrei und halogenorg. V. > 1 und <= 3 M %",EV-,EV-,0,,3.1,96ed29c8-9b6f-55ff-9ee5-732fff32e025,efdfd939-741f-5c54-9233-5a46152071bb
Korklinoleum Fußbodenbelag,e5f97559-bb92-4c23-a722-480da1b559ad,f3a3bf90-a295-4aab-9bfc-af3fe20c921b,e5f97559-bb92-4c23-a722-480da1b559ad,e5f97559-bb92-4c23-a722-480da1b559ad,e5f97559-bb92-4c23-a722-480da1b559ad,e5f97559-bb92-4c23-a722-480da1b559ad,e5f97559-bb92-4c23-a722-480da1b559ad,e5f97559-bb92-4c23-a722-480da1b559ad,Korklinoleum Fußbodenbelag,Elast BB - Linoleumbelag,EV-,EV-,0,,6.2,7bc67ce8-63d4-544f-b96a-c9bfb566db04,6e2e4ab2-d290-57e0-9d3e-7ac426552496
"Korkplatten 1 m², 8 mm (generisch)",360cbe6a-bd01-4660-bd08-f7d3eb3d8b79,717cc09a-e2c5-48fb-913e-24b54fc5e851,360cbe6a-bd01-4660-bd08-f7d3eb3d8b79,360cbe6a-bd01-4660-bd08-f7d3eb3d8b79,360cbe6a-bd01-4660-bd08-f7d3eb3d8b79,360cbe6a-bd01-4660-bd08-f7d3eb3d8b79,360cbe6a-bd01-4660-bd08-f7d3eb3d8b79,360cbe6a-bd01-4660-bd08-f7d3eb3d8b79,"Korkplatten 1m² (Dicke 0,004 m)",Korkplatten (Korkgranulat mit Bindemittel),EV+,EV+,0,,3.3,cb5758f0-5cb7-5537-818e-941897548afa,fb3fba1f-749d-54d3-9baf-0a4314ddfaac
"Korkplatten 1m2, 4 mm (generisch)",4e2c6692-148d-4311-b0cf-f0f174002d9e,2d82e639-2be1-4861-92f8-944623ee385e,4e2c6692-148d-4311-b0cf-f0f174002d9e,4e2c6692-148d-4311-b0cf-f0f174002d9e,4e2c6692-148d-4311-b0cf-f0f174002d9e,4e2c6692-148d-4311-b0cf-f0f174002d9e,4e2c6692-148d-4311-b0cf-f0f174002d9e,4e2c6692-148d-4311-b0cf-f0f174002d9e,"Korkplatten 1m² (Dicke 0,008 m)",Korkplatten (Korkgranulat mit Bindemittel),EV+,EV+,0,,3.3,599eed75-99b0-573e-b575-0b707089dc51,fb3fba1f-749d-54d3-9baf-0a4314ddfaac
"Korkplatten 1m2, 6 mm (generisch)",38babeb7-2b2f-42e2-9270-0daac46ebe07,4116031f-9ee7-4ac0-93e7-972c4b2de8a0,38babeb7-2b2f-42e2-9270-0daac46ebe07,38babeb7-2b2f-42e2-9270-0daac46ebe07,38babeb7-2b2f-42e2-9270-0daac46ebe07,38babeb7-2b2f-42e2-9270-0daac46ebe07,38babeb7-2b2f-42e2-9270-0daac46ebe07,38babeb7-2b2f-42e2-9270-0daac46ebe07,"Korkplatten 1m² (Dicke 0,006 m)",Korkplatten (Korkgranulat mit Bindemittel),EV+,EV+,0,,3.3,a6702bd0-8074-5538-b034-f1cecb5a4c74,fb3fba1f-749d-54d3-9baf-0a4314ddfaac
Kraftpapier,b1ea7c10-4471-4485-95bf-7dc0a00025b6,03f8e9cd-16ee-4ece-93bc-b68441d34afe,b1ea7c10-4471-4485-95bf-7dc0a00025b6,b1ea7c10-4471-4485-95bf-7dc0a00025b6,b1ea7c10-4471-4485-95bf-7dc0a00025b6,b1ea7c10-4471-4485-95bf-7dc0a00025b6,b1ea7c10-4471-4485-95bf-7dc0a00025b6,b1ea7c10-4471-4485-95bf-7dc0a00025b6,Kraftpapier (Baupappe),Pappe,EV+,EV+,0,,6.6,b5d616fa-a2b7-5980-a6dd-782a522ef8d3,da2ff4a1-fdce-5318-bd60-33d3bc0a10b9
Kunstharzestrich,e98995e0-f945-4fea-849f-cec0aff6cb0c,8f060568-aca6-4375-86f4-340b806962c4,e98995e0-f945-4fea-849f-cec0aff6cb0c,e98995e0-f945-4fea-849f-cec0aff6cb0c,e98995e0-f945-4fea-849f-cec0aff6cb0c,e98995e0-f945-4fea-849f-cec0aff6cb0c,e98995e0-f945-4fea-849f-cec0aff6cb0c,e98995e0-f945-4fea-849f-cec0aff6cb0c,Kunstharzestrich,Estrich SR - Kunstharzestrich,Dep-,Dep-,0,,1.4,ea581012-1cb8-5932-b791-a74e5acbf7ed,b40b4bdf-627f-5aa9-af82-430ee6852e11
Kunstharzputz,4a7c30d1-37d7-47e2-8271-dbb3bee91560,8a29439a-9d91-44e7-b157-1432b44937f9,4a7c30d1-37d7-47e2-8271-dbb3bee91560,4a7c30d1-37d7-47e2-8271-dbb3bee91560,4a7c30d1-37d7-47e2-8271-dbb3bee91560,4a7c30d1-37d7-47e2-8271-dbb3bee91560,4a7c30d1-37d7-47e2-8271-dbb3bee91560,4a7c30d1-37d7-47e2-8271-dbb3bee91560,Kunstharzputz,organ. Putz,Dep-,Dep-,0,,1.4,6f281473-478b-524b-8412-d66c46faf999,4edf3510-df73-5b4d-9234-cd9a9366ad58
Kunststeinplatte (Epoxidharz gebunden),ccdb5f3c-7305-46c7-ad5b-a05bb922a743,11440edc-cfba-40af-bd2d-0db71afe444b,ccdb5f3c-7305-46c7-ad5b-a05bb922a743,ccdb5f3c-7305-46c7-ad5b-a05bb922a743,ccdb5f3c-7305-46c7-ad5b-a05bb922a743,ccdb5f3c-7305-46c7-ad5b-a05bb922a743,ccdb5f3c-7305-46c7-ad5b-a05bb922a743,ccdb5f3c-7305-46c7-ad5b-a05bb922a743,Kunststeinplatte (Epoxidharz gebunden),Kunststein,Dep-,Dep-,0,,1.3,dfdd6b7b-c71b-5ec4-bebe-f37f0b11bd43,dd644ab6-f160-51c2-a823-7cf46c7e3aa6
Kunststoffmodifizierte Bitumendickbeschichtung,nicht vorhanden,0ba43350-3932-4e1d-a862-e88aa0ad2c7f,nicht vorhanden,nicht vorhanden,nicht vorhanden,nicht vorhanden,nicht vorhanden,nicht vorhanden,Kunststoffmodifizierte Bitumendickbeschichtung,"Bitumenkaltkleber, Glasvlies, Glasfaserarmierung, Dichtmassen..",EB,EB,0,,,69f51839-b1ab-5a69-bfd1-03b1069ff98f,b858ee82-e941-5715-88ce-22e6e05ed40a
Kunststoffprofil CR (Chloropren-Kautschuk),884efbb3-7be6-4e4d-9726-c39c1b781436,2d81c58c-1cd9-40be-b7d2-96d7de6b9296,884efbb3-7be6-4e4d-9726-c39c1b781436,884efbb3-7be6-4e4d-9726-c39c1b781436,884efbb3-7be6-4e4d-9726-c39c1b781436,884efbb3-7be6-4e4d-9726-c39c1b781436,884efbb3-7be6-4e4d-9726-c39c1b781436,884efbb3-7be6-4e4d-9726-c39c1b781436,Kunststoffprofil CR (Chloropren-Kautschuk),KSTProfil (Halog),EB,EB,0,,6.4,72811487-f6d7-5476-b408-0c6ecfb1e3f6,dffaed69-9268-5396-8585-26bb600c0c38
Kunststoffprofil EPDM,31a96d5c-66a3-4de1-a957-6aa4f8f4e53d,963ffb34-439a-4cab-9bfb-28c9b42533f2,31a96d5c-66a3-4de1-a957-6aa4f8f4e53d,31a96d5c-66a3-4de1-a957-6aa4f8f4e53d,31a96d5c-66a3-4de1-a957-6aa4f8f4e53d,31a96d5c-66a3-4de1-a957-6aa4f8f4e53d,31a96d5c-66a3-4de1-a957-6aa4f8f4e53d,31a96d5c-66a3-4de1-a957-6aa4f8f4e53d,Kunststoffprofil EPDM,KSTProfil,EV-,EV-,0,,6.4,d720daef-af88-5558-8ec0-8acd70d4e773,ff2f125f-9d5f-511e-8efa-890cce3ed4b1
Kunststoffprofil PP mit Glasfaseranteil,nicht vorhanden,968109bb-8aea-4c22-a7ca-ea2ef02208cf,nicht vorhanden,nicht vorhanden,nicht vorhanden,nicht vorhanden,nicht vorhanden,nicht vorhanden,Kunststoffprofil PP mit Glasfaseranteil,KSTProfil,EV-,EV-,0,,,573ba890-f595-59ce-9fc2-890982559159,ff2f125f-9d5f-511e-8efa-890cce3ed4b1
Kunststoffprofil SBR,1b69b3a2-3164-436b-a934-ed7d926f5f53,4e679d88-9a0f-4ada-9210-5a6e1e020771,1b69b3a2-3164-436b-a934-ed7d926f5f53,1b69b3a2-3164-436b-a934-ed7d926f5f53,1b69b3a2-3164-436b-a934-ed7d926f5f53,1b69b3a2-3164-436b-a934-ed7d926f5f53,1b69b3a2-3164-436b-a934-ed7d926f5f53,1b69b3a2-3164-436b-a934-ed7d926f5f53,Kunststoffprofil SBR,KSTProfil,EV-,EV-,0,,6.4,686a6225-fe68-54f9-a0b4-77dda91ea1cf,ff2f125f-9d5f-511e-8efa-890cce3ed4b1
Kunststoffprofil Silikon,763abb33-ad4f-44fa-bc49-8c483e67b2b1,56674647-992d-4d42-8955-fb3617c1404e,763abb33-ad4f-44fa-bc49-8c483e67b2b1,763abb33-ad4f-44fa-bc49-8c483e67b2b1,763abb33-ad4f-44fa-bc49-8c483e67b2b1,763abb33-ad4f-44fa-bc49-8c483e67b2b1,763abb33-ad4f-44fa-bc49-8c483e67b2b1,763abb33-ad4f-44fa-bc49-8c483e67b2b1,Kunststoffprofil Silikon,KSTProfil,EV-,EV-,0,,6.4,8818f6af-6f73-5b11-ae6e-0e61c4d5653b,ff2f125f-9d5f-511e-8efa-890cce3ed4b1
"Kunststoffteil aus laminiertem Polyesterharz (GFK, 30% Glasfaseranteil)",a051b8eb-5e03-486a-b9c3-bfc9d19234de,d03450fd-9438-43f7-9ee8-45faa63b1333,a051b8eb-5e03-486a-b9c3-bfc9d19234de,a051b8eb-5e03-486a-b9c3-bfc9d19234de,a051b8eb-5e03-486a-b9c3-bfc9d19234de,a051b8eb-5e03-486a-b9c3-bfc9d19234de,a051b8eb-5e03-486a-b9c3-bfc9d19234de,a051b8eb-5e03-486a-b9c3-bfc9d19234de,"Kunststoffteil aus laminiertem Polyesterharz (GFK, 30% Glasfaseranteil)",KSTProfil,EV-,EV-,0,,6.4,602ed416-91a8-56b3-8c44-234aaeb53b43,ff2f125f-9d5f-511e-8efa-890cce3ed4b1
Kupferblech,nicht vorhanden,52ce9f28-1199-4ed5-a777-923229ee2eed,nicht vorhanden,nicht vorhanden,nicht vorhanden,nicht vorhanden,nicht vorhanden,nicht vorhanden,Kupferbleche,Kupfer,CL+,CL+,1,,,b966588c-ff46-5f9b-8961-4e1cf33ddaec,38ff9258-070f-5b01-8752-7a2ed3db296a
Lacksysteme Holzfassade deckend (Decklacksystem),c1bc4706-9d3a-4468-8ecb-5a569226d75f,2662edec-0657-4889-bf64-4e811ac8e652,c1bc4706-9d3a-4468-8ecb-5a569226d75f,c1bc4706-9d3a-4468-8ecb-5a569226d75f,c1bc4706-9d3a-4468-8ecb-5a569226d75f,c1bc4706-9d3a-4468-8ecb-5a569226d75f,c1bc4706-9d3a-4468-8ecb-5a569226d75f,c1bc4706-9d3a-4468-8ecb-5a569226d75f,Lacksysteme Holzfassade deckend (Decklacksystem),Lacke (auf Holzuntergrund),EV-,EV-,0,,5.6,0363fbe9-3afc-5235-bcc8-34bbb160148d,7a95c29f-5b21-5f8b-a98c-081cc92b1ab8
Lacksysteme Holzfassade halb-pigmentiert (Lasursystem),1a4a4522-7297-4ae5-a430-689e89ec2159,a7829637-2436-489c-9e94-6642817e1926,1a4a4522-7297-4ae5-a430-689e89ec2159,1a4a4522-7297-4ae5-a430-689e89ec2159,1a4a4522-7297-4ae5-a430-689e89ec2159,1a4a4522-7297-4ae5-a430-689e89ec2159,1a4a4522-7297-4ae5-a430-689e89ec2159,1a4a4522-7297-4ae5-a430-689e89ec2159,Lacksysteme Holzfassade halb-pigmentiert (Lasursystem),Lacke (auf Holzuntergrund),EV-,EV-,0,,5.6,c80a3ddc-8d00-56d6-964f-1b775b1b50da,7a95c29f-5b21-5f8b-a98c-081cc92b1ab8
Lacksysteme Holzfenster Decklack weiß,2e5ca27a-fcd0-4dc1-b0ab-4a4c7eb4e030,9a0a1631-fccc-43bc-8911-817cbb79f49b,2e5ca27a-fcd0-4dc1-b0ab-4a4c7eb4e030,2e5ca27a-fcd0-4dc1-b0ab-4a4c7eb4e030,2e5ca27a-fcd0-4dc1-b0ab-4a4c7eb4e030,2e5ca27a-fcd0-4dc1-b0ab-4a4c7eb4e030,2e5ca27a-fcd0-4dc1-b0ab-4a4c7eb4e030,2e5ca27a-fcd0-4dc1-b0ab-4a4c7eb4e030,Lacksysteme Holzfenster Decklack weiß,Lacke (auf Holzuntergrund),EV-,EV-,0,,5.6,f5b8c033-358d-56cd-aeec-0b0d0afbe568,7a95c29f-5b21-5f8b-a98c-081cc92b1ab8
Lacksysteme Holzfenster Grundierung weiß,d5fe89f0-5fd2-4981-bb87-e74bbf13ef88,9b8c0626-bb59-43f5-86dd-97484cc5d4c1,d5fe89f0-5fd2-4981-bb87-e74bbf13ef88,d5fe89f0-5fd2-4981-bb87-e74bbf13ef88,d5fe89f0-5fd2-4981-bb87-e74bbf13ef88,d5fe89f0-5fd2-4981-bb87-e74bbf13ef88,d5fe89f0-5fd2-4981-bb87-e74bbf13ef88,d5fe89f0-5fd2-4981-bb87-e74bbf13ef88,Lacksysteme Holzfenster Grundierung weiß,Lacke (auf Holzuntergrund),EV-,EV-,0,,5.6,6931b72e-3b51-5b81-be8a-a1692ffbb5b7,7a95c29f-5b21-5f8b-a98c-081cc92b1ab8
Lacksysteme Holzfenster Zwischenbeschichtung deckend weiß,08138b62-1b5f-497a-bf9a-d7f857a2e575,b347b33b-8a05-4d0a-83c4-1337c986a775,08138b62-1b5f-497a-bf9a-d7f857a2e575,08138b62-1b5f-497a-bf9a-d7f857a2e575,08138b62-1b5f-497a-bf9a-d7f857a2e575,08138b62-1b5f-497a-bf9a-d7f857a2e575,08138b62-1b5f-497a-bf9a-d7f857a2e575,08138b62-1b5f-497a-bf9a-d7f857a2e575,Lacksysteme Holzfenster Zwischenbeschichtung deckend weiß,Lacke (auf Holzuntergrund),EV-,EV-,0,,5.6,3b3b36c0-a454-5bd0-be9e-e12719f1517f,7a95c29f-5b21-5f8b-a98c-081cc92b1ab8
Laminat DPL (Direct Pressed Laminate),nicht vorhanden,7c411026-6771-4fb6-85bf-85b248486409,nicht vorhanden,nicht vorhanden,nicht vorhanden,nicht vorhanden,nicht vorhanden,nicht vorhanden,Laminatboden,Laminat,EV-,EV-,0,,,2904873f-ec4a-5ebd-a4c6-0529473a9fb6,a01f4f14-75a1-5768-8e30-1de3c4133ae2
Lava Körnung,f8d6bd85-55e0-42d3-982b-b814387b7f58,e2799f93-b221-48c5-b7ee-9dd39850e379,f8d6bd85-55e0-42d3-982b-b814387b7f58,f8d6bd85-55e0-42d3-982b-b814387b7f58,f8d6bd85-55e0-42d3-982b-b814387b7f58,f8d6bd85-55e0-42d3-982b-b814387b7f58,f8d6bd85-55e0-42d3-982b-b814387b7f58,f8d6bd85-55e0-42d3-982b-b814387b7f58,Lava Körnung,Bims / Blähschüttung,Dep+,RC+,0.75,,1.2,1a24b319-7240-5ff7-b9d0-97b32a13874c,e0500551-6a94-5df0-a516-47a96d4da56c
LED Bürobeleuchtung,nicht vorhanden,b6dd564d-22e0-47b7-898c-802644931ba4,nicht vorhanden,nicht vorhanden,nicht vorhanden,nicht vorhanden,nicht vorhanden,nicht vorhanden,LED Bürobeleuchtung,nicht eingestuft,n.e.,n.e.,n.e.,,8.4,131c2e9f-5b75-592d-ae8a-ea2a52a22961,ef961829-1f5b-52ad-a6f7-8c77cea76d5c
Lehmbauplatte,6aff7a60-d7cd-430e-8b15-02556b6f62ff,eb255e58-7955-4d25-a333-4db0340b2864,6aff7a60-d7cd-430e-8b15-02556b6f62ff,6aff7a60-d7cd-430e-8b15-02556b6f62ff,6aff7a60-d7cd-430e-8b15-02556b6f62ff,6aff7a60-d7cd-430e-8b15-02556b6f62ff,6aff7a60-d7cd-430e-8b15-02556b6f62ff,6aff7a60-d7cd-430e-8b15-02556b6f62ff,Lehmbauplatte,Lehmbauplatte,SV,CL+,0.75,,1.3,5c395dfc-3fd2-5e4c-b289-7a47cc35e49c,478771d1-af27-5614-a691-2f970d0b94f9
Lehmbauplatte,6aff7a60-d7cd-430e-8b15-02556b6f62ff,eb255e58-7955-4d25-a333-4db0340b2864,6aff7a60-d7cd-430e-8b15-02556b6f62ff,6aff7a60-d7cd-430e-8b15-02556b6f62ff,6aff7a60-d7cd-430e-8b15-02556b6f62ff,6aff7a60-d7cd-430e-8b15-02556b6f62ff,6aff7a60-d7cd-430e-8b15-02556b6f62ff,6aff7a60-d7cd-430e-8b15-02556b6f62ff,Lehmbauplatte mit CL-Nachweis,Lehmbauplatte mit CL-Nachweis,CL+,CL+,1,,1.3,4a9a1d81-42cd-50fa-a26a-f80a49a24fe5,1a2421ff-0e3a-5cdf-8763-d0cf5b684088
,,,,,,,,,Lehmfarbe,"Lehmfarbe, auf Lehmplatte",Dep+,CL+,0.75,,5.5,b5d8e723-969c-5556-9b8c-bc0885e99b0a,a2898e84-556a-53ca-962e-d9895d84fcd2
,,,,,,,,,Lehm-Klebe- und Haftmörtel,Lehmputz,SV,CL+,0.75,,1.4,345bad70-5c23-56ff-aaa8-e5bfcceb0d79,5605e30f-b7c9-5dcc-9815-c17b0be8cd26
Lehmpulver,3d9f0293-304f-4731-8136-326cebf8b1f0,514b2993-2942-44b1-a4a5-a1b209f14d2a,3d9f0293-304f-4731-8136-326cebf8b1f0,3d9f0293-304f-4731-8136-326cebf8b1f0,3d9f0293-304f-4731-8136-326cebf8b1f0,3d9f0293-304f-4731-8136-326cebf8b1f0,3d9f0293-304f-4731-8136-326cebf8b1f0,3d9f0293-304f-4731-8136-326cebf8b1f0,Lehmpulver,Grundstoff nicht eingestuft,nicht eingestuft,n.e.,n.e.,n.e.,1.1,fba38ee9-345e-5b09-8bae-01ec30387125,71b469c3-6a93-5e60-b8f2-b24c3e39609f
Lehmputz,8be785fa-5548-4ea5-a2d7-b962675b9eff,9eae2fed-dba0-4641-b1cc-fd2cc65f2016,8be785fa-5548-4ea5-a2d7-b962675b9eff,8be785fa-5548-4ea5-a2d7-b962675b9eff,8be785fa-5548-4ea5-a2d7-b962675b9eff,8be785fa-5548-4ea5-a2d7-b962675b9eff,8be785fa-5548-4ea5-a2d7-b962675b9eff,8be785fa-5548-4ea5-a2d7-b962675b9eff,Lehmputz,Lehmputz,SV,CL+,0.75,,1.4,e9fb70d2-d10e-598c-a688-cbf9089bcc10,5605e30f-b7c9-5dcc-9815-c17b0be8cd26
Lehmputz,8be785fa-5548-4ea5-a2d7-b962675b9eff,9eae2fed-dba0-4641-b1cc-fd2cc65f2016,8be785fa-5548-4ea5-a2d7-b962675b9eff,8be785fa-5548-4ea5-a2d7-b962675b9eff,8be785fa-5548-4ea5-a2d7-b962675b9eff,8be785fa-5548-4ea5-a2d7-b962675b9eff,8be785fa-5548-4ea5-a2d7-b962675b9eff,8be785fa-5548-4ea5-a2d7-b962675b9eff,Lehmputz mit CL-Nachweis,Lehmputz mit CL-Nachweis,CL+,CL+,1,,1.4,56407066-5d2e-567e-864d-816c9c279ae6,90fb93fb-7b2d-587e-8a8b-396f2f98807e
Lehmputz,8be785fa-5548-4ea5-a2d7-b962675b9eff,9eae2fed-dba0-4641-b1cc-fd2cc65f2016,8be785fa-5548-4ea5-a2d7-b962675b9eff,8be785fa-5548-4ea5-a2d7-b962675b9eff,8be785fa-5548-4ea5-a2d7-b962675b9eff,8be785fa-5548-4ea5-a2d7-b962675b9eff,8be785fa-5548-4ea5-a2d7-b962675b9eff,8be785fa-5548-4ea5-a2d7-b962675b9eff,Lehmputz mit Störstoff S4,Lehmputz mit Störstoff S4,Dep+,Dep+,0,,1.4,8eb50c02-0dcd-50bb-87f0-cafd3e1aa72a,3ac4522f-90eb-5817-8236-99fe6a762265
Lehmputz,8be785fa-5548-4ea5-a2d7-b962675b9eff,9eae2fed-dba0-4641-b1cc-fd2cc65f2016,8be785fa-5548-4ea5-a2d7-b962675b9eff,8be785fa-5548-4ea5-a2d7-b962675b9eff,8be785fa-5548-4ea5-a2d7-b962675b9eff,8be785fa-5548-4ea5-a2d7-b962675b9eff,8be785fa-5548-4ea5-a2d7-b962675b9eff,8be785fa-5548-4ea5-a2d7-b962675b9eff,"Lehmputz, kunststofffaserarmiert","Lehmputz, kunststofffaserarmiert",Dep+,CL+,0.75,,1.4,748febef-e7b2-50cd-8c54-0e702768fd5b,0750e7b7-0888-538f-8071-47abb7ad5161
,,,,,,,,,Lehmschüttung granuliert,Lehm,SV,CL+,0.75,,1.1,d30bf7d2-c155-57d2-92a6-955409010a78,f6478ab5-08b2-5641-baa4-6d2d281f698d
,,,,,,,,,Lehmschüttung granuliert mit CL-Nachweis,Lehm mit CL-Nachweis,CL+,CL+,1,,1.1,643770ac-c4db-52ec-a928-041c17be8e98,f951853f-19cc-5bc4-807f-9ccc7cae9b48
Lehmstein,606d978a-c44a-4b3e-8387-b1291b12e522,f25983c6-104a-4d19-8d2a-c0dccafa2f3b,606d978a-c44a-4b3e-8387-b1291b12e522,606d978a-c44a-4b3e-8387-b1291b12e522,606d978a-c44a-4b3e-8387-b1291b12e522,606d978a-c44a-4b3e-8387-b1291b12e522,606d978a-c44a-4b3e-8387-b1291b12e522,606d978a-c44a-4b3e-8387-b1291b12e522,Lehmstein,Lehm,SV,CL+,0.75,,1.3,f975384b-a36a-559f-b60b-d6873c83e2de,f6478ab5-08b2-5641-baa4-6d2d281f698d
Lehmstein,606d978a-c44a-4b3e-8387-b1291b12e522,f25983c6-104a-4d19-8d2a-c0dccafa2f3b,606d978a-c44a-4b3e-8387-b1291b12e522,606d978a-c44a-4b3e-8387-b1291b12e522,606d978a-c44a-4b3e-8387-b1291b12e522,606d978a-c44a-4b3e-8387-b1291b12e522,606d978a-c44a-4b3e-8387-b1291b12e522,606d978a-c44a-4b3e-8387-b1291b12e522,Lehmstein mit CL-Nachweis,Lehm - Störstoffkl. S4 (Neueinstuf.),Dep+,Dep+,0.75,,1.3,25759b71-a0f9-58e6-9f3c-c37da523c393,8366f303-3ab3-5934-a966-5a6eb3beb21b
Lehmstein,606d978a-c44a-4b3e-8387-b1291b12e522,f25983c6-104a-4d19-8d2a-c0dccafa2f3b,606d978a-c44a-4b3e-8387-b1291b12e522,606d978a-c44a-4b3e-8387-b1291b12e522,606d978a-c44a-4b3e-8387-b1291b12e522,606d978a-c44a-4b3e-8387-b1291b12e522,606d978a-c44a-4b3e-8387-b1291b12e522,606d978a-c44a-4b3e-8387-b1291b12e522,Lehmstein - Störstoffkl. S4 (Neueinstuf.),Lehm mit CL-Nachweis,CL+,CL+,1,,1.3,df0a0d16-04d6-5462-8668-049398139451,f951853f-19cc-5bc4-807f-9ccc7cae9b48
"Leichtbauplatte, melaminbeschichtet",nicht vorhanden,02a3f312-ea5e-45e5-b358-d50cb94c4fd5,nicht vorhanden,nicht vorhanden,nicht vorhanden,nicht vorhanden,nicht vorhanden,nicht vorhanden,"Spanplatte, melaminbeschichtet",Melaminbeschichtet,EV-,EV-,0,,,00310250-5410-5062-a057-1b849c2e958e,b056d470-ecc3-5843-a696-656f3b571e82
Leichtbetonstein aus 100% Naturbims,63ddb7e1-4e0b-43cb-8a8d-82c5c137a2a2,da067a10-d690-4308-831d-ada8ad78b8ad,63ddb7e1-4e0b-43cb-8a8d-82c5c137a2a2,63ddb7e1-4e0b-43cb-8a8d-82c5c137a2a2,63ddb7e1-4e0b-43cb-8a8d-82c5c137a2a2,63ddb7e1-4e0b-43cb-8a8d-82c5c137a2a2,63ddb7e1-4e0b-43cb-8a8d-82c5c137a2a2,63ddb7e1-4e0b-43cb-8a8d-82c5c137a2a2,Leichtbetonstein aus 100% Naturbims,Leichtbeton - best case,SV,RC-,0.25,,1.3,9e767e8f-9460-53a3-9e05-2aabddb379de,b1a3d7f8-33c5-541e-8108-341ee2a80a65
,,,,,,,,,Leichtlehm (Stroh-Lehm-Gemisch),Leichtlehm (organ./mineral.),SV,RC-,0.75,,1.1,850f4a1b-dd04-580a-a51d-8fcc999fcf12,a241940e-73e2-5360-9875-3b968dd29f4d
,,,,,,,,,Leichtlehmputz,Leichtlehm (organ./mineral.),SV,RC-,0.75,,1.4,bcfab5bd-04da-5364-b646-82ca642ec0bc,a241940e-73e2-5360-9875-3b968dd29f4d
,,,,,,,,,Leichtputz mineralisch (mineral. Untergrund),"mineral. Putz, Mörtel, Kleber",Dep+,Dep+,0,,1.4,3aab9f07-cd99-5a4e-9cba-696351dd172f,de8525b4-fbf3-5c62-abec-ca8db74dc92b
Leuchstoffröhrenfassung T8-18W (LFL),nicht vorhanden,c082c343-931e-41ca-a906-d18380463b43,nicht vorhanden,nicht vorhanden,nicht vorhanden,nicht vorhanden,nicht vorhanden,nicht vorhanden,Leuchstoffröhrenfassung T8-18W (LFL),nicht eingestuft,n.e.,n.e.,n.e.,,8.4,2e83f384-f2e3-53b9-b4c2-521162c0e3a1,ef961829-1f5b-52ad-a6f7-8c77cea76d5c
Leuchstoffröhrenfassung T8-36W (LFL),nicht vorhanden,b96a374e-5920-4730-8c3e-22e5f3d2035e,nicht vorhanden,nicht vorhanden,nicht vorhanden,nicht vorhanden,nicht vorhanden,nicht vorhanden,Leuchstoffröhrenfassung T8-36W (LFL),nicht eingestuft,n.e.,n.e.,n.e.,,8.4,d11da1ab-ef2b-5478-8849-211ee3b13e49,ef961829-1f5b-52ad-a6f7-8c77cea76d5c
Leuchtstoffröhre T5-14W,nicht vorhanden,16b26d8e-8695-4abe-b655-6fc592625c70,nicht vorhanden,nicht vorhanden,nicht vorhanden,nicht vorhanden,nicht vorhanden,nicht vorhanden,Leuchtstoffröhre T5-14W,nicht eingestuft,n.e.,n.e.,n.e.,,8.4,272e0bb5-5816-5072-9418-996a18909e92,ef961829-1f5b-52ad-a6f7-8c77cea76d5c
Leuchtstoffröhre T5-28W,nicht vorhanden,b2a3220e-9dcb-4d91-9721-d6654b10119e,nicht vorhanden,nicht vorhanden,nicht vorhanden,nicht vorhanden,nicht vorhanden,nicht vorhanden,Leuchtstoffröhre T5-28W,nicht eingestuft,n.e.,n.e.,n.e.,,8.4,bba4d954-a6b9-5beb-8e57-aebf08023d07,ef961829-1f5b-52ad-a6f7-8c77cea76d5c
Leuchtstoffröhre T8-18W,nicht vorhanden,f85424cf-3ee7-4c8b-b2bd-939307c202ae,nicht vorhanden,nicht vorhanden,nicht vorhanden,nicht vorhanden,nicht vorhanden,nicht vorhanden,Leuchtstoffröhre T8-18W,nicht eingestuft,n.e.,n.e.,n.e.,,8.4,439d7df5-75e3-5465-9458-9fa6cd3d407d,ef961829-1f5b-52ad-a6f7-8c77cea76d5c
Leuchtstoffröhre T8-36W,nicht vorhanden,0d968a32-96fb-4ba4-9497-3c343cd8ecde,nicht vorhanden,nicht vorhanden,nicht vorhanden,nicht vorhanden,nicht vorhanden,nicht vorhanden,Leuchtstoffröhre T8-36W,nicht eingestuft,n.e.,n.e.,n.e.,,8.4,6772cd16-1105-5c36-ba08-44d919d5c8c3,ef961829-1f5b-52ad-a6f7-8c77cea76d5c
,,,,,,,,,"Lichtkuppel Aufsatzkranz, PP Schürze 30cm [kg/lfm]",KSTProfil,EV-,EV-,0,,7.1,ad19f3e6-00ba-5f38-94dd-e6a3f1144df9,ff2f125f-9d5f-511e-8efa-890cce3ed4b1
Linoleum,56e977b3-d042-4843-b40d-3a33dbb5a555,c3d7aef9-38a6-4d2a-a77f-2eee25461482,56e977b3-d042-4843-b40d-3a33dbb5a555,56e977b3-d042-4843-b40d-3a33dbb5a555,56e977b3-d042-4843-b40d-3a33dbb5a555,56e977b3-d042-4843-b40d-3a33dbb5a555,56e977b3-d042-4843-b40d-3a33dbb5a555,56e977b3-d042-4843-b40d-3a33dbb5a555,Linoleum,Elast BB - Linoleumbelag,EV-,EV-,0,,6.2,bfcb4380-7e29-5975-a44a-a25839c768fc,6e2e4ab2-d290-57e0-9d3e-7ac426552496
Lithium Eisenphosphat (LFP) Batterie (pro 1kWh Speicherkapazität),nicht vorhanden,c64f9557-37d7-40f6-b118-a35dc72fc45c,nicht vorhanden,nicht vorhanden,nicht vorhanden,nicht vorhanden,nicht vorhanden,nicht vorhanden,Lithium Eisenphosphat (LFP) Batterie (pro 1kWh Speicherkapazität),nicht eingestuft,n.e.,n.e.,n.e.,,8.4,6aa42a77-4d6c-579d-8cae-3d45e7513491,ef961829-1f5b-52ad-a6f7-8c77cea76d5c
Lithiumbromid,nicht vorhanden,f877e931-42b3-4675-a6ea-82ad950eb831,nicht vorhanden,nicht vorhanden,nicht vorhanden,nicht vorhanden,nicht vorhanden,nicht vorhanden,Lithiumbromid,nicht eingestuft,n.e.,n.e.,n.e.,,8.2,777716df-805f-58df-84a6-753567fb9d06,ef961829-1f5b-52ad-a6f7-8c77cea76d5c
Lose Hobelspandämmung,nicht vorhanden,31a631f0-1acf-4ec4-885b-d97de6d9f4ea,nicht vorhanden,nicht vorhanden,nicht vorhanden,nicht vorhanden,nicht vorhanden,nicht vorhanden,Lose Hobelspandämmung,Hobelspäne unbehandelt,EV-,CL+,0.75,,,3d9f3c5f-d33a-5ab3-b3be-afe693c76ada,3ea8f0db-14ea-5c76-8264-69578bf39159
Lösemittellack weiß,95c6760d-1605-430b-8216-825f6c0ac409,511b2af7-f9b9-4e1f-8b9e-fd4ac548aa6c,95c6760d-1605-430b-8216-825f6c0ac409,95c6760d-1605-430b-8216-825f6c0ac409,95c6760d-1605-430b-8216-825f6c0ac409,95c6760d-1605-430b-8216-825f6c0ac409,95c6760d-1605-430b-8216-825f6c0ac409,95c6760d-1605-430b-8216-825f6c0ac409,Lösemittellack weiß,Lacke (auf Holzuntergrund),EV-,EV-,0,,5.6,70ea30fe-3282-5afa-81f7-ed564c40d426,7a95c29f-5b21-5f8b-a98c-081cc92b1ab8
Lüfter dezentral (Wand & Decke) 60 m3/h,nicht vorhanden,cb36ce5f-47d7-4d02-bc07-1e8da903e5c0,nicht vorhanden,nicht vorhanden,nicht vorhanden,nicht vorhanden,nicht vorhanden,nicht vorhanden,Lüfter dezentral (Wand & Decke) 60 m3/h,nicht eingestuft,n.e.,n.e.,n.e.,,8.2,eeb164b7-7f1e-59d9-95ec-e11b1f1d2e2c,ef961829-1f5b-52ad-a6f7-8c77cea76d5c
Lüfter dezentral mit WRG (Wand & Decke) 60 m3/h,nicht vorhanden,ef7e0021-d6d9-4940-8160-cb63021a50c6,nicht vorhanden,nicht vorhanden,nicht vorhanden,nicht vorhanden,nicht vorhanden,nicht vorhanden,Lüfter dezentral mit WRG (Wand & Decke) 60 m3/h,nicht eingestuft,n.e.,n.e.,n.e.,,8.2,cb457a48-efd7-5d02-bd92-66eddb8eaf44,ef961829-1f5b-52ad-a6f7-8c77cea76d5c
Lüfter zentral 10000 m3/h,nicht vorhanden,76ac97e0-8016-44f0-b74b-4ba6ea69f00b,nicht vorhanden,nicht vorhanden,nicht vorhanden,nicht vorhanden,nicht vorhanden,nicht vorhanden,Lüfter zentral 10000 m3/h,nicht eingestuft,n.e.,n.e.,n.e.,,8.2,96c68c2a-389e-5b34-a7b6-ef6d21998cb2,ef961829-1f5b-52ad-a6f7-8c77cea76d5c
Lüfter zentral 30000 m3/h,nicht vorhanden,03f5fc6b-115b-4b86-a528-2f9311d44c9b,nicht vorhanden,nicht vorhanden,nicht vorhanden,nicht vorhanden,nicht vorhanden,nicht vorhanden,Lüfter zentral 30000 m3/h,nicht eingestuft,n.e.,n.e.,n.e.,,8.2,f93cda7c-2918-562e-9237-a47f076183b2,ef961829-1f5b-52ad-a6f7-8c77cea76d5c
Lüfter zentral 5000 m3/h,nicht vorhanden,cc2903a5-0475-48c5-8240-c1b0c251b9d3,nicht vorhanden,nicht vorhanden,nicht vorhanden,nicht vorhanden,nicht vorhanden,nicht vorhanden,Lüfter zentral 5000 m3/h,nicht eingestuft,n.e.,n.e.,n.e.,,8.2,cd9157e0-006f-5488-8da5-beb211a9ae61,ef961829-1f5b-52ad-a6f7-8c77cea76d5c
Lüfter zentral mit WRG 1000 m3/h,nicht vorhanden,d443a0ef-4fbf-4e66-968b-db209f9ef72b,nicht vorhanden,nicht vorhanden,nicht vorhanden,nicht vorhanden,nicht vorhanden,nicht vorhanden,Lüfter zentral mit WRG 1000 m3/h,nicht eingestuft,n.e.,n.e.,n.e.,,8.2,c9aa7e37-ea52-5e77-beac-ff2e05a2e690,ef961829-1f5b-52ad-a6f7-8c77cea76d5c
Lüfter zentral mit WRG 10000 m3/h,nicht vorhanden,466a78bc-2465-4140-b244-fdfd0fd79d84,nicht vorhanden,nicht vorhanden,nicht vorhanden,nicht vorhanden,nicht vorhanden,nicht vorhanden,Lüfter zentral mit WRG 10000 m3/h,nicht eingestuft,n.e.,n.e.,n.e.,,8.2,5383bddd-45b8-52cc-ad84-af34668745d2,ef961829-1f5b-52ad-a6f7-8c77cea76d5c
Lüfter zentral mit WRG 5000 m3/h,nicht vorhanden,78e6949f-ab42-4243-aab9-10a5a7d12b57,nicht vorhanden,nicht vorhanden,nicht vorhanden,nicht vorhanden,nicht vorhanden,nicht vorhanden,Lüfter zentral mit WRG 5000 m3/h,nicht eingestuft,n.e.,n.e.,n.e.,,8.2,a014e0cb-bea7-5189-9a8c-2787507245fa,ef961829-1f5b-52ad-a6f7-8c77cea76d5c
Lüftungskanal (verzinktes Stahlblech),nicht vorhanden,ffa736f4-51b1-4c03-8cdd-3f098993b363,nicht vorhanden,nicht vorhanden,nicht vorhanden,nicht vorhanden,nicht vorhanden,nicht vorhanden,Lüftungskanal (verzinktes Stahlblech),nicht eingestuft,n.e.,n.e.,n.e.,,8.2,3b97c5ba-ec87-5c99-abd8-edca18a71993,ef961829-1f5b-52ad-a6f7-8c77cea76d5c
,,,,,,,,,Magnesiaestrich / Steinholzestrich,Magnesiaestrich / Steinholzestrich,Dep-,Dep-,0,,1.4,4ee8de77-c04c-5be5-b625-d10093a765fd,90c2306a-84e6-5ba8-a5d2-17ec12c817ea
Marmorplatte,e9be7506-62ce-45b8-853f-c45c3f82401f,02ec5054-ace1-4ffc-a46b-92be3bedb416,e9be7506-62ce-45b8-853f-c45c3f82401f,e9be7506-62ce-45b8-853f-c45c3f82401f,e9be7506-62ce-45b8-853f-c45c3f82401f,e9be7506-62ce-45b8-853f-c45c3f82401f,e9be7506-62ce-45b8-853f-c45c3f82401f,e9be7506-62ce-45b8-853f-c45c3f82401f,Marmorplatte,Steinboden (unproblem. imprägniert / beschichtet),RC+,RC+,1,,1.3,3ca3269c-86f6-5c7b-bafc-4b4c56bfbd5f,89c83e31-2df8-5a43-bb8b-2da14f2111a5
,,,,,,,,,MDF-Platte,Holzfaser - HDF/MDF,EV+,RC-,0.25,,3.2,fba8b7d7-33a9-560d-8c52-0dacf62a8b94,44a4fe76-2997-5cff-bcbd-6b376266ae94
Mehrschichtparkett (generisch),3b66b7be-bc1e-4dd4-8779-453d4f81825f,ed739600-fbd0-4b3e-b577-453778a5270e,3b66b7be-bc1e-4dd4-8779-453d4f81825f,3b66b7be-bc1e-4dd4-8779-453d4f81825f,3b66b7be-bc1e-4dd4-8779-453d4f81825f,3b66b7be-bc1e-4dd4-8779-453d4f81825f,3b66b7be-bc1e-4dd4-8779-453d4f81825f,3b66b7be-bc1e-4dd4-8779-453d4f81825f,Mehrschichtparkett  (unproblem. beschichtet),Parkett,RC-,RC-,1,,3.3,5a2f5818-9634-57a7-b614-fc1ce7ed1df4,38ca7d87-cf81-5263-b418-70a0f4cb73f0
Melaminharz-Schaum,7082b2c3-5203-40ba-a6f8-d16edba60f5f,cc54d8cb-f26c-41ea-a152-8b28f7fb5b1d,7082b2c3-5203-40ba-a6f8-d16edba60f5f,7082b2c3-5203-40ba-a6f8-d16edba60f5f,7082b2c3-5203-40ba-a6f8-d16edba60f5f,7082b2c3-5203-40ba-a6f8-d16edba60f5f,7082b2c3-5203-40ba-a6f8-d16edba60f5f,7082b2c3-5203-40ba-a6f8-d16edba60f5f,Melaminharz-Schaum,"KSTDämm (Phenol, Melamin,…)",EB,EB,0,,2.17,c5d52821-fc60-50a9-a00f-610ef1e729d6,6ff7c22b-634d-5ad0-a57d-ecc307e1f78b
Messing-Bauteil,d9ee3a94-83a2-4615-b071-9afa3aaeff42,3d5b565c-187b-4413-ab45-3eaa89ede35d,d9ee3a94-83a2-4615-b071-9afa3aaeff42,d9ee3a94-83a2-4615-b071-9afa3aaeff42,d9ee3a94-83a2-4615-b071-9afa3aaeff42,d9ee3a94-83a2-4615-b071-9afa3aaeff42,d9ee3a94-83a2-4615-b071-9afa3aaeff42,d9ee3a94-83a2-4615-b071-9afa3aaeff42,Messing-Bauteil,Messing,CL+,CL+,1,,4.4,806e0b77-6b05-5cd8-b9af-c08ad1a358f7,31aa0180-7136-5841-b01b-3be12042a233
Metallbeschichtung (wasserbasiert),93eac197-0003-41ea-b81f-e517dd3389fb,af88e99e-5662-41cf-bf12-d963cd8d0c4e,93eac197-0003-41ea-b81f-e517dd3389fb,93eac197-0003-41ea-b81f-e517dd3389fb,93eac197-0003-41ea-b81f-e517dd3389fb,93eac197-0003-41ea-b81f-e517dd3389fb,93eac197-0003-41ea-b81f-e517dd3389fb,93eac197-0003-41ea-b81f-e517dd3389fb,Metallbeschichtung (wasserbasiert),Lacke (auf metall. Untergrund) nicht eingestuft,n.e.,n.e.,n.e.,,4.7,79741902-1123-5a08-8c08-b64d32eb0a0e,b742baf9-f4d2-5159-84be-d4e6abcb185d
Metalllack (lösemittelbasiert),118d1b5e-5f22-4d04-8711-c4b02de02209,b2a5f872-5e24-461c-a6e4-88ef88ad7c8c,118d1b5e-5f22-4d04-8711-c4b02de02209,118d1b5e-5f22-4d04-8711-c4b02de02209,118d1b5e-5f22-4d04-8711-c4b02de02209,118d1b5e-5f22-4d04-8711-c4b02de02209,118d1b5e-5f22-4d04-8711-c4b02de02209,118d1b5e-5f22-4d04-8711-c4b02de02209,Metalllack (lösemittelbasiert),Lacke (auf metall. Untergrund) nicht eingestuft,n.e.,n.e.,n.e.,,4.7,75245b63-39de-51a9-98f5-480d82ecc21b,b742baf9-f4d2-5159-84be-d4e6abcb185d
Mineralfaser Deckenplatten (15 mm),def9e058-ac16-489e-9457-db7645404194,3175cb36-065b-4bc7-9c7e-dd256bba5e8f,def9e058-ac16-489e-9457-db7645404194,def9e058-ac16-489e-9457-db7645404194,def9e058-ac16-489e-9457-db7645404194,def9e058-ac16-489e-9457-db7645404194,def9e058-ac16-489e-9457-db7645404194,def9e058-ac16-489e-9457-db7645404194,"Mineralfaser Deckenplatten (Dicke 0,015 m)",Mineralwolle Steinwolle,Dep-,RC-,0.5,,1.3,a04b84d2-2269-5699-911a-509f7ac8cbec,08aa86f2-573f-5c0a-aa6f-9d39b661e252
Mineralisch modifizierte Trockenschüttung,nicht vorhanden,93629cd1-4a44-4da5-89a8-3a12ac6c81b5,nicht vorhanden,nicht vorhanden,nicht vorhanden,nicht vorhanden,nicht vorhanden,nicht vorhanden,Mineralisch modifizierte Trockenschüttung,Holzzement,Dep-,SV,0.25,,,fdbcd6df-b742-5653-b53e-09ad10734182,e9471e11-f091-58c5-9139-f783f619cabd
Mineralwolle (Boden-Dämmung),2691d6e4-a41e-40d7-92ca-680f8785fc1d,58b1ba79-459b-4d58-bc39-91a8f98e71ba,2691d6e4-a41e-40d7-92ca-680f8785fc1d,2691d6e4-a41e-40d7-92ca-680f8785fc1d,2691d6e4-a41e-40d7-92ca-680f8785fc1d,2691d6e4-a41e-40d7-92ca-680f8785fc1d,2691d6e4-a41e-40d7-92ca-680f8785fc1d,2691d6e4-a41e-40d7-92ca-680f8785fc1d,Mineralwolle (Boden-Dämmung),Mineralwolle Glaswolle,Dep-,SV,0.75,,2.1,dbedfaca-016a-594b-8807-4bac5b47dead,b725c20b-0bac-503e-b96f-9bd8af24ee08
Mineralwolle (Fassaden-Dämmung),f8afef87-5de3-4996-838c-1f2af9ef81df,4fa62445-e59f-4874-99e5-49cec91967e0,f8afef87-5de3-4996-838c-1f2af9ef81df,f8afef87-5de3-4996-838c-1f2af9ef81df,f8afef87-5de3-4996-838c-1f2af9ef81df,f8afef87-5de3-4996-838c-1f2af9ef81df,f8afef87-5de3-4996-838c-1f2af9ef81df,f8afef87-5de3-4996-838c-1f2af9ef81df,Mineralwolle (Fassaden-Dämmung),Mineralwolle Glaswolle,Dep-,SV,0.75,,2.1,d29bac1b-ba43-5ce6-8f06-cc5851a7a7b5,b725c20b-0bac-503e-b96f-9bd8af24ee08
Mineralwolle (Flachdach-Dämmung),4477c6ca-b728-41fb-a231-366e159a73df,6ef00a53-1ddc-4c60-8840-e57a860ce18b,4477c6ca-b728-41fb-a231-366e159a73df,4477c6ca-b728-41fb-a231-366e159a73df,4477c6ca-b728-41fb-a231-366e159a73df,4477c6ca-b728-41fb-a231-366e159a73df,4477c6ca-b728-41fb-a231-366e159a73df,4477c6ca-b728-41fb-a231-366e159a73df,Mineralwolle (Flachdach-Dämmung),Mineralwolle Glaswolle,Dep-,SV,0.75,,2.1,aace9530-26c5-5fcc-af7e-f2cd5e4a8e46,b725c20b-0bac-503e-b96f-9bd8af24ee08
Mineralwolle (Innenausbau-Dämmung),fafd5743-0b42-4614-8e3d-5c4eacdfba98,8808dd39-82fb-49bb-8ad3-6cb0894292ae,fafd5743-0b42-4614-8e3d-5c4eacdfba98,fafd5743-0b42-4614-8e3d-5c4eacdfba98,fafd5743-0b42-4614-8e3d-5c4eacdfba98,fafd5743-0b42-4614-8e3d-5c4eacdfba98,fafd5743-0b42-4614-8e3d-5c4eacdfba98,fafd5743-0b42-4614-8e3d-5c4eacdfba98,Mineralwolle (Innenausbau-Dämmung),Mineralwolle Glaswolle,Dep-,SV,0.75,,2.1,d0f70a88-47ca-5679-81ae-782c21c4f95a,b725c20b-0bac-503e-b96f-9bd8af24ee08
Mineralwolle (Schrägdach-Dämmung),86380db6-3062-4d40-826d-732c24ed3cad,cb0c2e5b-be08-47bd-badb-77ac39ae026d,86380db6-3062-4d40-826d-732c24ed3cad,86380db6-3062-4d40-826d-732c24ed3cad,86380db6-3062-4d40-826d-732c24ed3cad,86380db6-3062-4d40-826d-732c24ed3cad,86380db6-3062-4d40-826d-732c24ed3cad,86380db6-3062-4d40-826d-732c24ed3cad,Mineralwolle (Schrägdach-Dämmung),Mineralwolle Glaswolle,Dep-,SV,0.75,,2.1,5c8dbb6d-f0d8-5e28-8253-8cf807b9a233,b725c20b-0bac-503e-b96f-9bd8af24ee08
"Natursteinplatte, hart, Außenbereich, Dicke 80mm",da4b704a-c901-414f-943f-8e1ff0f4566c,72d8921b-8ac0-471b-943a-47871bd8d76a,da4b704a-c901-414f-943f-8e1ff0f4566c,da4b704a-c901-414f-943f-8e1ff0f4566c,da4b704a-c901-414f-943f-8e1ff0f4566c,da4b704a-c901-414f-943f-8e1ff0f4566c,da4b704a-c901-414f-943f-8e1ff0f4566c,da4b704a-c901-414f-943f-8e1ff0f4566c,"Natursteinplatte, hart, Außenbereich (Dicke 0,08 m)",Stein unbehandelt,CL+,CL+,1,,1.3,0cedf4af-db9c-5870-b476-1b71d50c2b18,c47ca8af-a4a9-5941-a3a2-47938b2ec6a9
"Natursteinplatte, hart, Fassade (30mm)",cb3f4a56-460c-4a3e-ae43-3e0a9dcb4319,ffadb112-7271-460a-aaec-60135df38fba,cb3f4a56-460c-4a3e-ae43-3e0a9dcb4319,cb3f4a56-460c-4a3e-ae43-3e0a9dcb4319,cb3f4a56-460c-4a3e-ae43-3e0a9dcb4319,cb3f4a56-460c-4a3e-ae43-3e0a9dcb4319,cb3f4a56-460c-4a3e-ae43-3e0a9dcb4319,cb3f4a56-460c-4a3e-ae43-3e0a9dcb4319,"Natursteinplatte, hart, Fassade (Dicke 0,030 m)",Stein unbehandelt,CL+,CL+,1,,1.3,e4d96d89-90a8-5ede-96fc-278b0339c327,c47ca8af-a4a9-5941-a3a2-47938b2ec6a9
"Natursteinplatte, hart, Innenboden (20mm)",e8db532f-ee15-42a4-89c3-5ef789e1fb8f,1e8f900e-eda3-43d9-b2cc-746dc1798a40,e8db532f-ee15-42a4-89c3-5ef789e1fb8f,e8db532f-ee15-42a4-89c3-5ef789e1fb8f,e8db532f-ee15-42a4-89c3-5ef789e1fb8f,e8db532f-ee15-42a4-89c3-5ef789e1fb8f,e8db532f-ee15-42a4-89c3-5ef789e1fb8f,e8db532f-ee15-42a4-89c3-5ef789e1fb8f,"Natursteinplatte, hart, Innenboden (Dicke 0,02 m)",Stein unbehandelt,CL+,CL+,1,,1.3,f3f5ebc9-cad1-5b96-bd92-3ba5d431187f,c47ca8af-a4a9-5941-a3a2-47938b2ec6a9
"Natursteinplatte, weich, Fassade (40mm)",79075297-4dc0-42c6-bc90-e3bf9fa0fb4c,ed73e591-97c9-4348-b3b0-5c88a6f4e1dc,79075297-4dc0-42c6-bc90-e3bf9fa0fb4c,79075297-4dc0-42c6-bc90-e3bf9fa0fb4c,79075297-4dc0-42c6-bc90-e3bf9fa0fb4c,79075297-4dc0-42c6-bc90-e3bf9fa0fb4c,79075297-4dc0-42c6-bc90-e3bf9fa0fb4c,79075297-4dc0-42c6-bc90-e3bf9fa0fb4c,"Natursteinplatte, weich, Fassade",Stein unbehandelt,CL+,CL+,1,,1.3,657ac0a3-f347-51a0-a87f-c00fc8001fb8,c47ca8af-a4a9-5941-a3a2-47938b2ec6a9
"Natursteinplatte, weich, Innenboden, Dicke 20mm",ef0d9cbc-4e89-4e78-8cb2-68f02a49b87d,98c9f1b8-ff8c-4089-bd94-ec58b3fa1bf5,ef0d9cbc-4e89-4e78-8cb2-68f02a49b87d,ef0d9cbc-4e89-4e78-8cb2-68f02a49b87d,ef0d9cbc-4e89-4e78-8cb2-68f02a49b87d,ef0d9cbc-4e89-4e78-8cb2-68f02a49b87d,ef0d9cbc-4e89-4e78-8cb2-68f02a49b87d,ef0d9cbc-4e89-4e78-8cb2-68f02a49b87d,"Natursteinplatte, weich, Innenboden (Dicke 0,020 m)",Stein unbehandelt,CL+,CL+,1,,1.3,f9701ecf-33d6-503d-b090-242d45134173,c47ca8af-a4a9-5941-a3a2-47938b2ec6a9
Nutzung - 1 kWh Endenergie aus Hackschnitzeln (entspr. GEG),nicht vorhanden,5f167dab-507c-4a05-862f-951f177c846a,nicht vorhanden,nicht vorhanden,nicht vorhanden,nicht vorhanden,nicht vorhanden,nicht vorhanden,Nutzung - 1 kWh Endenergie aus Hackschnitzeln (entspr. GEG),nicht eingestuft,n.e.,n.e.,n.e.,,8.6,2530fbb1-3686-5a29-93c2-f7941d14100d,ef961829-1f5b-52ad-a6f7-8c77cea76d5c
Nylon Gussteil (PA 6.6),7511c948-c441-42fb-9ff1-cfdc54e58d7e,d62953d2-61e8-427b-ada2-8a3c4e9756c1,7511c948-c441-42fb-9ff1-cfdc54e58d7e,7511c948-c441-42fb-9ff1-cfdc54e58d7e,7511c948-c441-42fb-9ff1-cfdc54e58d7e,7511c948-c441-42fb-9ff1-cfdc54e58d7e,7511c948-c441-42fb-9ff1-cfdc54e58d7e,7511c948-c441-42fb-9ff1-cfdc54e58d7e,Nylon Gussteil (PA 6.6) nicht eingestuft,nicht eingestuft,n.e.,n.e.,n.e.,,6.4,457f49e1-3d4b-54a7-bccd-deca99ceb949,ef961829-1f5b-52ad-a6f7-8c77cea76d5c
Öl-Brennwertgerät < 20 kW (Standgerät),nicht vorhanden,01eaaeb8-cad1-475c-aadd-111b29ca7468,nicht vorhanden,nicht vorhanden,nicht vorhanden,nicht vorhanden,nicht vorhanden,nicht vorhanden,Öl-Brennwertgerät < 20 kW (Standgerät),nicht eingestuft,n.e.,n.e.,n.e.,,8.1,066bdc60-89c9-5592-a309-9eead2995a7e,ef961829-1f5b-52ad-a6f7-8c77cea76d5c
Öl-Brennwertgerät < 20 kW (Wandgerät),nicht vorhanden,31b5024e-90db-4fc8-b6f8-b8919a54eff9,nicht vorhanden,nicht vorhanden,nicht vorhanden,nicht vorhanden,nicht vorhanden,nicht vorhanden,Öl-Brennwertgerät < 20 kW (Wandgerät),nicht eingestuft,n.e.,n.e.,n.e.,,8.1,52f2c897-2ab2-554f-a125-e7b00e519a90,ef961829-1f5b-52ad-a6f7-8c77cea76d5c
Öl-Brennwertgerät 120-400 kW (Standgerät),nicht vorhanden,212a234d-3b2b-4128-9cb2-9024c4540dd0,nicht vorhanden,nicht vorhanden,nicht vorhanden,nicht vorhanden,nicht vorhanden,nicht vorhanden,Öl-Brennwertgerät 120-400 kW (Standgerät),nicht eingestuft,n.e.,n.e.,n.e.,,8.1,eb0a3f28-0d49-576e-a745-a2615da92d31,ef961829-1f5b-52ad-a6f7-8c77cea76d5c
Öl-Brennwertgerät 20-120 kW (Standgerät),nicht vorhanden,12e03ae6-6e35-4c76-b835-e574ee56aec1,nicht vorhanden,nicht vorhanden,nicht vorhanden,nicht vorhanden,nicht vorhanden,nicht vorhanden,Öl-Brennwertgerät 20-120 kW (Standgerät),nicht eingestuft,n.e.,n.e.,n.e.,,8.1,bc25be35-9964-5739-b6fb-0df732e58f40,ef961829-1f5b-52ad-a6f7-8c77cea76d5c
Öl-Niedertemperaturgerät < 20 kW (Standgerät),nicht vorhanden,6f78777f-ba4d-4ab1-865e-456160085938,nicht vorhanden,nicht vorhanden,nicht vorhanden,nicht vorhanden,nicht vorhanden,nicht vorhanden,Öl-Niedertemperaturgerät < 20 kW (Standgerät),nicht eingestuft,n.e.,n.e.,n.e.,,8.1,38dec71b-ef4d-51c3-817a-98a684da27a8,ef961829-1f5b-52ad-a6f7-8c77cea76d5c
Öl-Niedertemperaturgerät 120-400 kW (Standgerät),nicht vorhanden,ae703d16-5aef-48a2-910d-c1004677b665,nicht vorhanden,nicht vorhanden,nicht vorhanden,nicht vorhanden,nicht vorhanden,nicht vorhanden,Öl-Niedertemperaturgerät 120-400 kW (Standgerät),nicht eingestuft,n.e.,n.e.,n.e.,,8.1,e5159a48-a775-5484-b821-9c345ea4140b,ef961829-1f5b-52ad-a6f7-8c77cea76d5c
Öl-Niedertemperaturgerät 20-120 kW (Standgerät),nicht vorhanden,b2d632fd-5d02-4a45-b1af-3ff87a21dec2,nicht vorhanden,nicht vorhanden,nicht vorhanden,nicht vorhanden,nicht vorhanden,nicht vorhanden,Öl-Niedertemperaturgerät 20-120 kW (Standgerät),nicht eingestuft,n.e.,n.e.,n.e.,,8.1,6f897aa0-ca1d-530a-b0d6-0c25fdb814db,ef961829-1f5b-52ad-a6f7-8c77cea76d5c
Öltank PE-HD (1000l),nicht vorhanden,5f587be5-4949-40d4-b540-5d2164704a79,nicht vorhanden,nicht vorhanden,nicht vorhanden,nicht vorhanden,nicht vorhanden,nicht vorhanden,Öltank PE-HD (1000l),nicht eingestuft,n.e.,n.e.,n.e.,,8.1,6e2b5851-b23a-5c54-8749-def0eca765d6,ef961829-1f5b-52ad-a6f7-8c77cea76d5c
Öltank PE-HD (1500),nicht vorhanden,ad798696-adc3-42b3-a4c5-e1ce56beefab,nicht vorhanden,nicht vorhanden,nicht vorhanden,nicht vorhanden,nicht vorhanden,nicht vorhanden,Öltank PE-HD (1500),nicht eingestuft,n.e.,n.e.,n.e.,,8.1,475677f2-2207-530a-ba1c-8967c3f9a3f2,ef961829-1f5b-52ad-a6f7-8c77cea76d5c
Öltank PE-HD (750l),nicht vorhanden,aae53979-dfc0-4e6e-8306-e71d609eec96,nicht vorhanden,nicht vorhanden,nicht vorhanden,nicht vorhanden,nicht vorhanden,nicht vorhanden,Öltank PE-HD (750l),nicht eingestuft,n.e.,n.e.,n.e.,,8.1,0a48f258-cf3f-50ed-945c-9537c186f3eb,ef961829-1f5b-52ad-a6f7-8c77cea76d5c
Öltank Polyamid (1000l),nicht vorhanden,c30ddd87-ffc4-4bb3-b867-3c5b53e28a37,nicht vorhanden,nicht vorhanden,nicht vorhanden,nicht vorhanden,nicht vorhanden,nicht vorhanden,Öltank Polyamid (1000l),nicht eingestuft,n.e.,n.e.,n.e.,,8.1,d1c6518c-8a04-5fae-b618-d532a1a2b602,ef961829-1f5b-52ad-a6f7-8c77cea76d5c
Öltank Polyamid (1500l),nicht vorhanden,33fe410b-cbdc-46b5-83e0-375efaddac9b,nicht vorhanden,nicht vorhanden,nicht vorhanden,nicht vorhanden,nicht vorhanden,nicht vorhanden,Öltank Polyamid (1500l),nicht eingestuft,n.e.,n.e.,n.e.,,8.1,c7889e29-e777-50fa-8f4d-f80c2ddd200d,ef961829-1f5b-52ad-a6f7-8c77cea76d5c
Öltank Polyamid (750l),nicht vorhanden,12a48d84-032e-4f88-b511-3a5360e58c0e,nicht vorhanden,nicht vorhanden,nicht vorhanden,nicht vorhanden,nicht vorhanden,nicht vorhanden,Öltank Polyamid (750l),nicht eingestuft,n.e.,n.e.,n.e.,,8.1,d5bbc82e-1ab7-5708-ac63-8d7b26b5e4db,ef961829-1f5b-52ad-a6f7-8c77cea76d5c
"Öltank Stahl/PE-HD (Doppelwandtank, 1000l)",nicht vorhanden,01b54892-5fbc-4f28-ae33-76775debdbc4,nicht vorhanden,nicht vorhanden,nicht vorhanden,nicht vorhanden,nicht vorhanden,nicht vorhanden,"Öltank Stahl/PE-HD (Doppelwandtank, 1000l)",nicht eingestuft,n.e.,n.e.,n.e.,,8.1,d28f7e58-2657-5b0b-ad09-650e4242c919,ef961829-1f5b-52ad-a6f7-8c77cea76d5c
"Öltank Stahl/PE-HD (Doppelwandtank, 750l)",nicht vorhanden,a5ada9a6-72dd-4720-ace5-d01b17260c7b,nicht vorhanden,nicht vorhanden,nicht vorhanden,nicht vorhanden,nicht vorhanden,nicht vorhanden,"Öltank Stahl/PE-HD (Doppelwandtank, 750l)",nicht eingestuft,n.e.,n.e.,n.e.,,8.1,7d68034d-4517-5c6e-8ec3-99bd6aabc628,ef961829-1f5b-52ad-a6f7-8c77cea76d5c
,,,,,,,,,OSB Platte,Holzwerkstoff - nicht beschichtet,RC+,RC+,1,,3.2,81a57893-22c4-54c0-9008-25e487cd1712,58073859-ef5c-5b3b-9210-ac5abb6a6175
"Parkettlack Grundierung, Holz, wasserverdünnt",859897ae-5ea2-4b55-9508-49297dd6ba6c,b97c7ace-c925-4c13-be59-d338fcc77f6b,859897ae-5ea2-4b55-9508-49297dd6ba6c,859897ae-5ea2-4b55-9508-49297dd6ba6c,859897ae-5ea2-4b55-9508-49297dd6ba6c,859897ae-5ea2-4b55-9508-49297dd6ba6c,859897ae-5ea2-4b55-9508-49297dd6ba6c,859897ae-5ea2-4b55-9508-49297dd6ba6c,"Parkettlack (Grundierung Holz, wasserverdünnt)",Lacke (auf Holzuntergrund),EV-,EV-,0,,5.6,a7218d97-cb06-5e4c-af85-9b196f6952a2,7a95c29f-5b21-5f8b-a98c-081cc92b1ab8
Parkettlack transparent,c1328d7d-8ad6-4e74-a701-ffab0c542534,f2e87b9c-45a7-4b6c-bd81-1abb81e061e1,c1328d7d-8ad6-4e74-a701-ffab0c542534,c1328d7d-8ad6-4e74-a701-ffab0c542534,c1328d7d-8ad6-4e74-a701-ffab0c542534,c1328d7d-8ad6-4e74-a701-ffab0c542534,c1328d7d-8ad6-4e74-a701-ffab0c542534,c1328d7d-8ad6-4e74-a701-ffab0c542534,Parkettlack transparent,Lacke (auf Holzuntergrund),EV-,EV-,0,,5.6,4a6935fe-774b-5d53-8fb0-3662ec72e362,7a95c29f-5b21-5f8b-a98c-081cc92b1ab8
,,,,,,,,,PE Weichschaum,KSTDämm (PE),EV-,EV-,0,,2.18,1bc84ce9-f6c8-5f7a-9ec0-f50a03764107,5dc685e9-f136-55f1-a0a4-b15025df62b9
PE/PP Vlies,95a4f4b3-b354-4e2c-9046-0a36175cd768,e80981a3-c7c4-4267-b669-0f31cfa61f06,95a4f4b3-b354-4e2c-9046-0a36175cd768,95a4f4b3-b354-4e2c-9046-0a36175cd768,95a4f4b3-b354-4e2c-9046-0a36175cd768,95a4f4b3-b354-4e2c-9046-0a36175cd768,95a4f4b3-b354-4e2c-9046-0a36175cd768,95a4f4b3-b354-4e2c-9046-0a36175cd768,PE/PP Vlies,KSTBahn,EV-,EV-,0,,6.6,e701a5ae-9e15-5bbd-a228-10d4e287f082,86ed5129-3add-5340-b23e-868c6cf8eb9b
,,,,,,,,,PE-Drainageplatten,KSTDämm (PE),EV-,EV-,0,,6.4,add5faff-77fc-506d-9a64-d6dfd5318193,5dc685e9-f136-55f1-a0a4-b15025df62b9
PE-HD mit PP-Vlies zur Abdichtung,900336a3-b5f9-4c40-91a9-f9551f84ac64,2173d540-fc7c-4b77-af4f-9a53cdbfb834,900336a3-b5f9-4c40-91a9-f9551f84ac64,900336a3-b5f9-4c40-91a9-f9551f84ac64,900336a3-b5f9-4c40-91a9-f9551f84ac64,900336a3-b5f9-4c40-91a9-f9551f84ac64,900336a3-b5f9-4c40-91a9-f9551f84ac64,900336a3-b5f9-4c40-91a9-f9551f84ac64,PE-HD mit PP-Vlies zur Abdichtung,KSTBahn,EV-,EV-,0,,6.6,0c0ee178-6280-52dc-adda-3bf376e8053d,86ed5129-3add-5340-b23e-868c6cf8eb9b
PE-Noppenfolie zur Abdichtung,49b4cbe9-ac63-4811-a1c7-dd7278db8ac0,0dbca1ff-d043-408f-9511-6aeddf8e5f70,49b4cbe9-ac63-4811-a1c7-dd7278db8ac0,49b4cbe9-ac63-4811-a1c7-dd7278db8ac0,49b4cbe9-ac63-4811-a1c7-dd7278db8ac0,49b4cbe9-ac63-4811-a1c7-dd7278db8ac0,49b4cbe9-ac63-4811-a1c7-dd7278db8ac0,49b4cbe9-ac63-4811-a1c7-dd7278db8ac0,PE-Noppenfolie zur Abdichtung,KSTBahn,EV-,EV-,0,,6.6,1aca11a1-4551-5552-9aa4-187dc620cd1a,86ed5129-3add-5340-b23e-868c6cf8eb9b
Pelletkessel < 20 kW,nicht vorhanden,b35b5d3f-ba8d-4dab-84c1-d32ca56f8e7d,nicht vorhanden,nicht vorhanden,nicht vorhanden,nicht vorhanden,nicht vorhanden,nicht vorhanden,Pelletkessel < 20 kW,nicht eingestuft,n.e.,n.e.,n.e.,,8.1,c544105d-ae19-5539-85aa-c246db7e32b3,ef961829-1f5b-52ad-a6f7-8c77cea76d5c
Pelletkessel 20-120 kW,,3a5143bc-b790-4ee2-9952-2ec580023d43,,,,,,,Pelletkessel 20-120 kW,nicht eingestuft,n.e.,n.e.,n.e.,,8.1,a72bc022-8214-5310-a57a-78f7b74b9009,ef961829-1f5b-52ad-a6f7-8c77cea76d5c
Perlite 0-1,82c7e263-3026-45f8-aec7-ebdf818464e4,07d95427-572c-413c-ab1a-ef5e991c69ef,82c7e263-3026-45f8-aec7-ebdf818464e4,82c7e263-3026-45f8-aec7-ebdf818464e4,82c7e263-3026-45f8-aec7-ebdf818464e4,82c7e263-3026-45f8-aec7-ebdf818464e4,82c7e263-3026-45f8-aec7-ebdf818464e4,82c7e263-3026-45f8-aec7-ebdf818464e4,Perlite 0-1,Bims / Blähschüttung,Dep+,RC+,0.75,,1.2,cc60c31c-4738-5059-8be6-bd9757c5797b,e0500551-6a94-5df0-a516-47a96d4da56c
Perlite 0-3,44c57da1-24ce-488d-b4f9-283fa603cc9d,e9cee0e5-e898-45dc-8431-a3ce91acb787,44c57da1-24ce-488d-b4f9-283fa603cc9d,44c57da1-24ce-488d-b4f9-283fa603cc9d,44c57da1-24ce-488d-b4f9-283fa603cc9d,44c57da1-24ce-488d-b4f9-283fa603cc9d,44c57da1-24ce-488d-b4f9-283fa603cc9d,44c57da1-24ce-488d-b4f9-283fa603cc9d,Perlite 0-3,Bims / Blähschüttung,Dep+,RC+,0.75,,1.2,a18a2f9b-71a6-5f6c-941b-985ee3fb82d1,e0500551-6a94-5df0-a516-47a96d4da56c
Pfosten/Riegel aus Aluminium,nicht vorhanden,03329c6a-b5f2-47c8-a8db-1bd3b003857c,nicht vorhanden,nicht vorhanden,nicht vorhanden,nicht vorhanden,nicht vorhanden,nicht vorhanden,Pfosten/Riegel aus Aluminium,Alu-Pfosten-Riegel-Konstr. ungedämmt,RC+,RC+,1,,7.1,0428be02-bf51-55e6-b0fc-c9883d7f8e11,0a78031b-c5a1-58ab-b7c6-88a634fb39b9
Pfosten/Riegel System aus Aluminium mit Dreifachverglasung,nicht vorhanden,4dd9a97f-6afa-4e12-a0fb-71da41d7afe4,nicht vorhanden,nicht vorhanden,nicht vorhanden,nicht vorhanden,nicht vorhanden,nicht vorhanden,Pfosten/Riegel System aus Aluminium mit Dreifachverglasung,nicht eingestuft,n.e.,n.e.,n.e.,,7.1,c3d39c91-f2d8-5916-85d1-f4df3cc0ab83,ef961829-1f5b-52ad-a6f7-8c77cea76d5c
Pfosten/Riegelsystem aus Stahl,nicht vorhanden,1121bd10-6918-441c-b18b-8264a277c919,nicht vorhanden,nicht vorhanden,nicht vorhanden,nicht vorhanden,nicht vorhanden,nicht vorhanden,Pfosten/Riegelsystem aus Stahl,Alu-Pfosten-Riegel-Konstr. ungedämmt,CL-,CL-,1,,7.1,e7e13580-ddc0-5f80-b723-ff391163090c,f0d0c2eb-43b5-589b-ba20-3f232ada7d0c
Pfosten/Riegel System aus Stahl mit Dreifachverglasung,nicht vorhanden,77dbec35-a9ed-462f-91dc-c26fce408a2b,nicht vorhanden,nicht vorhanden,nicht vorhanden,nicht vorhanden,nicht vorhanden,nicht vorhanden,Pfosten/Riegel System aus Stahl mit Dreifachverglasung,nicht eingestuft,n.e.,n.e.,n.e.,,7.1,958b13b6-74bb-5ef8-80fc-28eeff749d09,ef961829-1f5b-52ad-a6f7-8c77cea76d5c
Phenolharz Hartschaum,cf6e341b-3de7-4e24-b4d2-8ac484ee7c0e,310d5742-487d-4a4c-9e85-126574a2d3a8,cf6e341b-3de7-4e24-b4d2-8ac484ee7c0e,cf6e341b-3de7-4e24-b4d2-8ac484ee7c0e,cf6e341b-3de7-4e24-b4d2-8ac484ee7c0e,cf6e341b-3de7-4e24-b4d2-8ac484ee7c0e,cf6e341b-3de7-4e24-b4d2-8ac484ee7c0e,cf6e341b-3de7-4e24-b4d2-8ac484ee7c0e,Phenolharz Hartschaum,"KSTDämm (Phenol, Melamin,…)",EB,EB,0,,2.5,ccb41719-6a95-57e8-9138-7b6496f3d2fb,6ff7c22b-634d-5ad0-a57d-ecc307e1f78b
Photovoltaiksystem 1000 kWh/m2*a,nicht vorhanden,5a726d68-3b9b-4044-9872-7424594f2dd3,nicht vorhanden,nicht vorhanden,nicht vorhanden,nicht vorhanden,nicht vorhanden,nicht vorhanden,Photovoltaiksystem 1000 kWh/m2*a,nicht eingestuft,n.e.,n.e.,n.e.,,9.2,84160dba-9c97-54d3-82a2-e25b1eab7c83,ef961829-1f5b-52ad-a6f7-8c77cea76d5c
Photovoltaiksystem 1000 kWh/m2*a ohne Stromgutschrift,nicht vorhanden,236ee906-0090-42ab-90ae-37bc553be0a0,nicht vorhanden,nicht vorhanden,nicht vorhanden,nicht vorhanden,nicht vorhanden,nicht vorhanden,Photovoltaiksystem 1000 kWh/m2*a ohne Stromgutschrift,nicht eingestuft,n.e.,n.e.,n.e.,,9.2,1be9ac43-f864-58cd-be42-616bd022abde,ef961829-1f5b-52ad-a6f7-8c77cea76d5c
Photovoltaiksystem 1200 kWh/m2*a,nicht vorhanden,d8af885e-b3f4-49f9-96f5-01fc4955f83f,nicht vorhanden,nicht vorhanden,nicht vorhanden,nicht vorhanden,nicht vorhanden,nicht vorhanden,Photovoltaiksystem 1200 kWh/m2*a,nicht eingestuft,n.e.,n.e.,n.e.,,9.2,136f5a0f-1ba9-5dc4-aecc-378d9c02b4cb,ef961829-1f5b-52ad-a6f7-8c77cea76d5c
Photovoltaiksystem 1200 kWh/m2*a ohne Stromgutschrift,nicht vorhanden,0c3eab92-5a2b-415a-a641-22542c7134fe,nicht vorhanden,nicht vorhanden,nicht vorhanden,nicht vorhanden,nicht vorhanden,nicht vorhanden,Photovoltaiksystem 1200 kWh/m2*a ohne Stromgutschrift,nicht eingestuft,n.e.,n.e.,n.e.,,9.2,cf04c870-f6c4-5530-b1b1-02cc445ea54e,ef961829-1f5b-52ad-a6f7-8c77cea76d5c
,,,,,,,,,PIB-Dachbahnen (Polyisobutylen),KSTBahn,EV-,EV-,0,,6.3,9fc486c0-3daf-5608-a2c7-e28e6005eff9,86ed5129-3add-5340-b23e-868c6cf8eb9b
PIR Hartschaum,2c076ee7-3853-4f69-9bf5-8ec265fa43e0,c2ba651c-00bf-4f69-a0dc-a6a5fe680652,2c076ee7-3853-4f69-9bf5-8ec265fa43e0,2c076ee7-3853-4f69-9bf5-8ec265fa43e0,2c076ee7-3853-4f69-9bf5-8ec265fa43e0,2c076ee7-3853-4f69-9bf5-8ec265fa43e0,2c076ee7-3853-4f69-9bf5-8ec265fa43e0,2c076ee7-3853-4f69-9bf5-8ec265fa43e0,PIR Hartschaum (250 kg/m³),"KSTDämm (PUR, PIR)",EB,SV,0.25,,2.4,b1593b3b-6d4e-55a1-af7e-7719f91c0c01,e0f9ec48-4812-5b94-9394-45505977a2f6
Polybutadien-Rohr (PB),nicht vorhanden,5a9bb863-f67d-4b2c-b34f-3eb8ed1c8b42,nicht vorhanden,nicht vorhanden,nicht vorhanden,nicht vorhanden,nicht vorhanden,nicht vorhanden,Polybutadien-Rohr (PB),nicht eingestuft,n.e.,n.e.,n.e.,,8.1,21fde461-cc9a-5dc9-99f7-5185421873bf,ef961829-1f5b-52ad-a6f7-8c77cea76d5c
Polycarbonatplatte,6fc1267a-1f4d-4244-a65e-df8a0a3ccc50,3f617412-e411-4b33-b81f-27e1ec0a6545,6fc1267a-1f4d-4244-a65e-df8a0a3ccc50,6fc1267a-1f4d-4244-a65e-df8a0a3ccc50,6fc1267a-1f4d-4244-a65e-df8a0a3ccc50,6fc1267a-1f4d-4244-a65e-df8a0a3ccc50,6fc1267a-1f4d-4244-a65e-df8a0a3ccc50,6fc1267a-1f4d-4244-a65e-df8a0a3ccc50,Polycarbonatplatte,KSTPlatte (zB transparente Platten),EV-,EV-,0,,6.4,0d934089-de9c-50af-bb10-a7fda70b8888,ef460910-7fa5-5c82-a056-6b6068ad0860
Polyethylen-Schaum,65af52ac-382b-4069-aafe-b044b3960356,fa802cb7-a64d-48b3-b928-0f9976420d37,65af52ac-382b-4069-aafe-b044b3960356,65af52ac-382b-4069-aafe-b044b3960356,65af52ac-382b-4069-aafe-b044b3960356,65af52ac-382b-4069-aafe-b044b3960356,65af52ac-382b-4069-aafe-b044b3960356,65af52ac-382b-4069-aafe-b044b3960356,Polyethylen-Schaum,KSTDämm (PE),EV-,EV-,0,,2.18,79988561-4895-50d7-a5aa-7881fe6b8931,5dc685e9-f136-55f1-a0a4-b15025df62b9
,,,,,,,,,Polymer-Bitumenabdichtungsbahn,Bitubahn (ggf. mit Glasvlies),EV-,RC-,0.25,,6.3,c73fa025-5253-50c0-90e9-98a56a38e163,69a5f0ea-0301-56a1-aa54-d2f1af420d1f
Polypropylen-Rohr (PP),nicht vorhanden,8c53cf57-5414-449f-9a1e-c0041657fd50,nicht vorhanden,nicht vorhanden,nicht vorhanden,nicht vorhanden,nicht vorhanden,nicht vorhanden,Polypropylen-Rohr (PP),nicht eingestuft,n.e.,n.e.,n.e.,,8.1,7186f147-ba53-5d1c-a161-ff103dd57084,ef961829-1f5b-52ad-a6f7-8c77cea76d5c
Porenbeton Granulat,nicht vorhanden,907545ae-8eac-47a7-9b1b-47a474a16749,nicht vorhanden,nicht vorhanden,nicht vorhanden,nicht vorhanden,nicht vorhanden,nicht vorhanden,Porenbeton Granulat,Porenbeton-Granulat,Dep+,RC+,0.75,,1.3,cdd7055d-9dfe-575b-802e-7fd0a58e9d3a,60e1b34a-97b9-556a-8757-ebf8718f4279
Porenbeton Mineraldämmplatte,nicht vorhanden,a5114c35-1779-4eb2-9694-46bcc8fe5e45,nicht vorhanden,nicht vorhanden,nicht vorhanden,nicht vorhanden,nicht vorhanden,nicht vorhanden,Porenbeton Mineraldämmplatte,Mineralplatte,Dep+,SV,0.75,,,e6538b9c-5a81-5b5c-b496-e0c73d0c5c49,0840d37c-a225-5898-a9b5-6ccebe6ac846
Porenbeton P2 04 unbewehrt,906b4864-0511-480f-a8bc-7b8302efbf0b,dfac45db-fd07-4dcb-9359-2b8b4e882d62,906b4864-0511-480f-a8bc-7b8302efbf0b,906b4864-0511-480f-a8bc-7b8302efbf0b,906b4864-0511-480f-a8bc-7b8302efbf0b,906b4864-0511-480f-a8bc-7b8302efbf0b,906b4864-0511-480f-a8bc-7b8302efbf0b,906b4864-0511-480f-a8bc-7b8302efbf0b,"Porenbeton P2 04 unbewehrt, Rho 380 kg/m³",Porenbeton - unbewehrt,Dep+,RC-,0.75,,1.3,d6474932-c495-5006-8b99-a5b48775d369,bc6fd0de-4f0a-5a1d-8841-c06905e1cfff
Porenbeton P4 05 bewehrt,d3b59cac-3b4e-4d18-8c3a-780b553c9591,34aa0d55-ab02-41f0-84e1-f8a28cc6280e,d3b59cac-3b4e-4d18-8c3a-780b553c9591,d3b59cac-3b4e-4d18-8c3a-780b553c9591,d3b59cac-3b4e-4d18-8c3a-780b553c9591,d3b59cac-3b4e-4d18-8c3a-780b553c9591,d3b59cac-3b4e-4d18-8c3a-780b553c9591,d3b59cac-3b4e-4d18-8c3a-780b553c9591,Porenbeton P4 05 bewehrt,Porenbeton - bewehrt,Dep+,RC-,0.75,,1.3,4dc18937-689c-5a1b-94b8-692c569c470c,3be3c184-07e5-5eef-bd35-31ed76500b75
Porenbeton P4 05 unbewehrt,1a43ae76-2dc9-4a3a-9926-47e7137e773d,3c6051d0-2062-4a92-9f4c-0d48c911978d,1a43ae76-2dc9-4a3a-9926-47e7137e773d,1a43ae76-2dc9-4a3a-9926-47e7137e773d,1a43ae76-2dc9-4a3a-9926-47e7137e773d,1a43ae76-2dc9-4a3a-9926-47e7137e773d,1a43ae76-2dc9-4a3a-9926-47e7137e773d,1a43ae76-2dc9-4a3a-9926-47e7137e773d,"Porenbeton P4 05 unbewehrt, Rho 472 kg/m³",Porenbeton - unbewehrt,Dep+,RC-,0.75,,1.3,6aa74670-ac5d-5dee-8a4b-7e4b28deb9de,bc6fd0de-4f0a-5a1d-8841-c06905e1cfff
,,,,,,,,,PP-/PE Folie,KSTBahn,EV-,EV-,0,,6.6,e982b444-b62d-5989-aa1a-109f4078784d,86ed5129-3add-5340-b23e-868c6cf8eb9b
Propan (R290),nicht vorhanden,9e9a625d-28eb-4dbd-8278-6da8088ab8a1,nicht vorhanden,nicht vorhanden,nicht vorhanden,nicht vorhanden,nicht vorhanden,nicht vorhanden,Propan (R290),nicht eingestuft,n.e.,n.e.,n.e.,,8.2,9fb1ff0d-a254-5bbf-a4c0-669fa7a8f519,ef961829-1f5b-52ad-a6f7-8c77cea76d5c
Pufferspeicher (Edelstahl),nicht vorhanden,6899ae8e-86d3-42d0-a1ba-efe711b3aef2,nicht vorhanden,nicht vorhanden,nicht vorhanden,nicht vorhanden,nicht vorhanden,nicht vorhanden,Pufferspeicher (Edelstahl),nicht eingestuft,n.e.,n.e.,n.e.,,8.1,d0565dbc-56fb-5999-a7fb-3bf90c36279c,ef961829-1f5b-52ad-a6f7-8c77cea76d5c
Pufferspeicher (Stahl),nicht vorhanden,6a3a34ff-d40c-474b-9039-4f8db6e7c732,nicht vorhanden,nicht vorhanden,nicht vorhanden,nicht vorhanden,nicht vorhanden,nicht vorhanden,Pufferspeicher (Stahl),nicht eingestuft,n.e.,n.e.,n.e.,,8.1,4447dff5-f1c0-5de4-97d6-fb4fa8cabc81,ef961829-1f5b-52ad-a6f7-8c77cea76d5c
Pulverbeschichten von Metallen,d61a6f60-bcca-4bf6-a151-bd076b4c3366,1d5bba40-a703-4d90-83fd-15593f5936b4,d61a6f60-bcca-4bf6-a151-bd076b4c3366,d61a6f60-bcca-4bf6-a151-bd076b4c3366,d61a6f60-bcca-4bf6-a151-bd076b4c3366,d61a6f60-bcca-4bf6-a151-bd076b4c3366,d61a6f60-bcca-4bf6-a151-bd076b4c3366,d61a6f60-bcca-4bf6-a151-bd076b4c3366,Pulverbeschichten von Metallen,Lacke (auf metall. Untergrund) nicht eingestuft,,n.e.,n.e.,,4.7,55e1d86d-c90d-547e-a571-c6c945ceccf7,4856c622-adbb-57e7-9c82-5222475137ef
"Pulverlackierung (Industrie, Außenbereich, weiß)",eaec8e5d-f70a-4993-b3a6-814607f5e7b3,655a3a77-ab75-4553-a706-655d1de10292,eaec8e5d-f70a-4993-b3a6-814607f5e7b3,eaec8e5d-f70a-4993-b3a6-814607f5e7b3,eaec8e5d-f70a-4993-b3a6-814607f5e7b3,eaec8e5d-f70a-4993-b3a6-814607f5e7b3,eaec8e5d-f70a-4993-b3a6-814607f5e7b3,eaec8e5d-f70a-4993-b3a6-814607f5e7b3,"Pulverlackierung (Industrie, Außenbereich, weiß)",Lacke (auf metall. Untergrund) nicht eingestuft,,n.e.,n.e.,,5.6,a2a04f2c-f228-5751-bf35-a97a6a776ba6,4856c622-adbb-57e7-9c82-5222475137ef
PUR Hartschaum,nicht vorhanden,fb68a5d1-82eb-4e36-b5bd-8db0f3ee7a6d,nicht vorhanden,nicht vorhanden,nicht vorhanden,nicht vorhanden,nicht vorhanden,nicht vorhanden,PUR/PIR Dämmstoff (32 kg/m³),"KSTDämm (PUR, PIR)",EB,SV,0.25,,8.1,07bcce4d-855f-5401-91b6-63fb7eb37eca,e0f9ec48-4812-5b94-9394-45505977a2f6
PUR-Dichtmasse,c34147d4-e691-4733-bf78-8a7ccd039006,302acb89-846f-400c-ba6e-84640d360c1d,c34147d4-e691-4733-bf78-8a7ccd039006,c34147d4-e691-4733-bf78-8a7ccd039006,c34147d4-e691-4733-bf78-8a7ccd039006,c34147d4-e691-4733-bf78-8a7ccd039006,c34147d4-e691-4733-bf78-8a7ccd039006,c34147d4-e691-4733-bf78-8a7ccd039006,PUR-Dichtmasse,"Bitumenkaltkleber, Glasvlies, Glasfaserarmierung, Dichtmassen..",EB,EB,0,,6.7,28533b3f-818a-51ec-b4db-6d71f01463da,b858ee82-e941-5715-88ce-22e6e05ed40a
PVC Fußbodenbelag,39da14a3-8f39-4af9-955c-6a70f091acb8,788de5d9-a671-4cd6-9e86-760bb5203ec1,39da14a3-8f39-4af9-955c-6a70f091acb8,39da14a3-8f39-4af9-955c-6a70f091acb8,39da14a3-8f39-4af9-955c-6a70f091acb8,39da14a3-8f39-4af9-955c-6a70f091acb8,39da14a3-8f39-4af9-955c-6a70f091acb8,39da14a3-8f39-4af9-955c-6a70f091acb8,PVC Fußbodenbelag,PVC-Belag,EB,SV,0.75,,6.2,50cab218-7658-52e0-9f4d-f68c4a33ccf5,e51d8735-1f64-564c-88c4-0bd06b5cb187
PVC Plastisol,0e39587e-8c05-4a8e-80b5-bb9a57bbe164,658b2d08-fd24-4d43-a469-203d594b2278,0e39587e-8c05-4a8e-80b5-bb9a57bbe164,0e39587e-8c05-4a8e-80b5-bb9a57bbe164,0e39587e-8c05-4a8e-80b5-bb9a57bbe164,0e39587e-8c05-4a8e-80b5-bb9a57bbe164,0e39587e-8c05-4a8e-80b5-bb9a57bbe164,0e39587e-8c05-4a8e-80b5-bb9a57bbe164,PVC Plastisol,"Bitumenkaltkleber, Glasvlies, Glasfaserarmierung,..",EB,SV,0.5,,6.7,6b3ed8ab-8e71-5fbe-99c8-df9985c8af03,35659750-3478-5ed9-9c28-2f83bc71f471
PVC-Dachbahnen,4f4e989b-bd5e-4d85-9a50-53f3c61eea70,57bb6738-f9d8-4c59-b00a-00a217e9feba,4f4e989b-bd5e-4d85-9a50-53f3c61eea70,4f4e989b-bd5e-4d85-9a50-53f3c61eea70,4f4e989b-bd5e-4d85-9a50-53f3c61eea70,4f4e989b-bd5e-4d85-9a50-53f3c61eea70,4f4e989b-bd5e-4d85-9a50-53f3c61eea70,4f4e989b-bd5e-4d85-9a50-53f3c61eea70,PVC-Dachbahnen,PVC-Folie,EB,SV,0.5,,6.3,8822cb84-8863-5f6d-a7ea-231ff8edec11,030fd072-d95a-5c09-b572-f5e3b85c336a
PVC-Dachbahnen,4f4e989b-bd5e-4d85-9a50-53f3c61eea70,57bb6738-f9d8-4c59-b00a-00a217e9feba,4f4e989b-bd5e-4d85-9a50-53f3c61eea70,4f4e989b-bd5e-4d85-9a50-53f3c61eea70,4f4e989b-bd5e-4d85-9a50-53f3c61eea70,4f4e989b-bd5e-4d85-9a50-53f3c61eea70,4f4e989b-bd5e-4d85-9a50-53f3c61eea70,4f4e989b-bd5e-4d85-9a50-53f3c61eea70,PVC-Dachbahnen - nicht rückbaubar (Neueinstuf.),PVC-Folie - verklebt oder nicht rückbaubar,EB,EB,0,,6.3,137d2460-b0de-5d3f-a737-b7c9f63aba85,2b8144f9-c3b4-5260-9248-4fd8fb54f9cf
Rasterleuchte 2x T8-36W (LFL),nicht vorhanden,82f2e627-363c-4892-b5f8-9535cbc1fab9,nicht vorhanden,nicht vorhanden,nicht vorhanden,nicht vorhanden,nicht vorhanden,nicht vorhanden,Rasterleuchte 2x T8-36W (LFL),nicht eingestuft,n.e.,n.e.,n.e.,,8.4,7d14046b-3284-5d74-938f-2036eb62f535,ef961829-1f5b-52ad-a6f7-8c77cea76d5c
Rasterleuchte Deckenintegriert 2x T5-28W (LFL),nicht vorhanden,aa724807-9b3d-45e2-99f1-8f2166d47456,nicht vorhanden,nicht vorhanden,nicht vorhanden,nicht vorhanden,nicht vorhanden,nicht vorhanden,Rasterleuchte Deckenintegriert 2x T5-28W (LFL),nicht eingestuft,n.e.,n.e.,n.e.,,8.4,00be9580-2338-5986-b7bc-a7c5048f3e55,ef961829-1f5b-52ad-a6f7-8c77cea76d5c
Rasterleuchte Deckenintegriert 3x T5-14W (LFL),nicht vorhanden,a45482b5-81a1-4758-889b-829017bd000e,nicht vorhanden,nicht vorhanden,nicht vorhanden,nicht vorhanden,nicht vorhanden,nicht vorhanden,Rasterleuchte Deckenintegriert 3x T5-14W (LFL),nicht eingestuft,n.e.,n.e.,n.e.,,8.4,309f1879-1b38-5404-9342-9586c44b7862,ef961829-1f5b-52ad-a6f7-8c77cea76d5c
Rasterleuchte Deckenintegriert 3x T8-18W (LFL),nicht vorhanden,6db798a0-de76-44fa-a275-97953f2208a0,nicht vorhanden,nicht vorhanden,nicht vorhanden,nicht vorhanden,nicht vorhanden,nicht vorhanden,Rasterleuchte Deckenintegriert 3x T8-18W (LFL),nicht eingestuft,n.e.,n.e.,n.e.,,8.4,43a49bdd-a698-595f-a62b-6644b16290ea,ef961829-1f5b-52ad-a6f7-8c77cea76d5c
"Reaktionsharz auf Epoxidharzbasis, gefüllt",nicht vorhanden,13f0fd9d-3ef6-4453-9d2d-21f2bf4136c5,nicht vorhanden,nicht vorhanden,nicht vorhanden,nicht vorhanden,nicht vorhanden,nicht vorhanden,"Reaktionsharz auf Epoxidharzbasis, gefüllt","Kleber (nicht-mineralisch: Kunstharzkleber,…)",EV-,EV-,0,,,2f96264d-69a1-5fbe-b4e0-da4c241745ea,7cba3a8d-e199-5ea9-a791-cc48bc37204c
Reaktionsharz auf Methacrylatharzbasis,nicht vorhanden,d5b825fb-d0c8-4b7b-899e-2082343c7d9b,nicht vorhanden,nicht vorhanden,nicht vorhanden,nicht vorhanden,nicht vorhanden,nicht vorhanden,Reaktionsharz auf Methacrylatharzbasis,"Kleber (nicht-mineralisch: Kunstharzkleber,…)",EV-,EV-,0,,,637f7c1d-8690-5a2b-96aa-12bd8678270c,7cba3a8d-e199-5ea9-a791-cc48bc37204c
"Reaktionsharz auf Polyurethan-Basis, wässrig, lösemittelfrei",nicht vorhanden,b35d785c-8f1b-48a1-ba19-6ddce4cb81c3,nicht vorhanden,nicht vorhanden,nicht vorhanden,nicht vorhanden,nicht vorhanden,nicht vorhanden,"Reaktionsharz auf Polyurethan-Basis, wässrig, lösemittelfrei","Kleber (nicht-mineralisch: Kunstharzkleber,…)",EV-,EV-,0,,,fc1cfb26-3280-517b-b0a6-be0f9e457eec,7cba3a8d-e199-5ea9-a791-cc48bc37204c
Recycling Transportbeton C20/25,nicht vorhanden,6739667a-49d1-4a9c-a4b2-eb542167710c,nicht vorhanden,nicht vorhanden,nicht vorhanden,nicht vorhanden,nicht vorhanden,nicht vorhanden,Recycling Transportbeton C20/25 - exkl. Bewehrung,Beton Standard (ohne Bewehr.),RC+,RC+,1,,1.4,db7bb47f-83dc-57ea-a527-a15a680f0e87,4b383842-2941-5c02-8d90-1ee95598cf55
Recycling Transportbeton C25/30,nicht vorhanden,899ad6d2-c598-4831-bc0a-8638aa034a69,nicht vorhanden,nicht vorhanden,nicht vorhanden,nicht vorhanden,nicht vorhanden,nicht vorhanden,Recycling Transportbeton C25/30 - exkl. Bewehrung,Beton Standard (ohne Bewehr.),RC+,RC+,1,,1.4,49f30bd8-a997-5ba9-863b-a6882c603836,4b383842-2941-5c02-8d90-1ee95598cf55
Recycling Transportbeton C30/37,nicht vorhanden,b38f2dac-fa08-4a9c-ae8d-017f6e2f169f,nicht vorhanden,nicht vorhanden,nicht vorhanden,nicht vorhanden,nicht vorhanden,nicht vorhanden,Recycling Transportbeton C30/37 - exkl. Bewehrung,Beton Standard (ohne Bewehr.),RC+,RC+,1,,1.4,a35c296d-2f07-5fee-ad62-2f5aa1f1a4c5,4b383842-2941-5c02-8d90-1ee95598cf55
Recycling Transportbeton C50/60,nicht vorhanden,5c89cce2-688c-4fed-aa02-eda80ffba5f7,nicht vorhanden,nicht vorhanden,nicht vorhanden,nicht vorhanden,nicht vorhanden,nicht vorhanden,Recycling Transportbeton C50/60  - exkl. Bewehrung,Beton Standard (ohne Bewehr.),RC+,RC+,1,,1.4,561e5c5c-dc27-58a3-9bf6-3bd472a1cb5d,4b383842-2941-5c02-8d90-1ee95598cf55
Regenabflussrohr PVC,d9baa9f5-b9d2-4f8f-928d-2f4116b36662,5030f4d2-b8ae-4a72-9c76-e21b0a7d9089,d9baa9f5-b9d2-4f8f-928d-2f4116b36662,d9baa9f5-b9d2-4f8f-928d-2f4116b36662,d9baa9f5-b9d2-4f8f-928d-2f4116b36662,d9baa9f5-b9d2-4f8f-928d-2f4116b36662,d9baa9f5-b9d2-4f8f-928d-2f4116b36662,d9baa9f5-b9d2-4f8f-928d-2f4116b36662,Regenabflussrohr PVC,nicht eingestuft,n.e.,n.e.,n.e.,,6.1,684096b6-4d94-54fe-a8e1-e881e4a73174,ef961829-1f5b-52ad-a6f7-8c77cea76d5c
Regenabflussrohr SML,64e16249-8051-483b-968e-46008a43ef18,0ff1831a-bca2-44d0-a277-e416eb8a9b5a,64e16249-8051-483b-968e-46008a43ef18,64e16249-8051-483b-968e-46008a43ef18,64e16249-8051-483b-968e-46008a43ef18,64e16249-8051-483b-968e-46008a43ef18,64e16249-8051-483b-968e-46008a43ef18,64e16249-8051-483b-968e-46008a43ef18,Regenabflussrohr SML,nicht eingestuft,n.e.,n.e.,n.e.,,4.1,63870f87-885e-5996-a1da-d5fc9777cf5d,ef961829-1f5b-52ad-a6f7-8c77cea76d5c
"Rohre für Strom-Wärmepumpe (Sole-Wasser, Erdkollektor) 10 kW",nicht vorhanden,9044465d-5a05-442b-a82c-a40c26cf4150,nicht vorhanden,nicht vorhanden,nicht vorhanden,nicht vorhanden,nicht vorhanden,nicht vorhanden,"Rohre für Strom-Wärmepumpe (Sole-Wasser, Erdkollektor) 10 kW",nicht eingestuft,n.e.,n.e.,n.e.,,8.1,da4f3cc5-820b-5b59-bb52-2760154ac191,ef961829-1f5b-52ad-a6f7-8c77cea76d5c
"Rohre für Strom-Wärmepumpe (Sole-Wasser, Erdkollektor) 20 kW",nicht vorhanden,f5499876-5da9-4807-a30e-9203559a1636,nicht vorhanden,nicht vorhanden,nicht vorhanden,nicht vorhanden,nicht vorhanden,nicht vorhanden,"Rohre für Strom-Wärmepumpe (Sole-Wasser, Erdkollektor) 20 kW",nicht eingestuft,n.e.,n.e.,n.e.,,8.1,c21242d2-e3c8-57c5-9195-e8c4a9021a16,ef961829-1f5b-52ad-a6f7-8c77cea76d5c
"Rohre für Strom-Wärmepumpe (Sole-Wasser, Erdkollektor) 70 kW",nicht vorhanden,4c1af887-edea-4350-8d75-e54e8b5ca7dc,nicht vorhanden,nicht vorhanden,nicht vorhanden,nicht vorhanden,nicht vorhanden,nicht vorhanden,"Rohre für Strom-Wärmepumpe (Sole-Wasser, Erdkollektor) 70 kW",nicht eingestuft,n.e.,n.e.,n.e.,,8.1,8ca30258-80c5-53c5-b8bd-824a0e694501,ef961829-1f5b-52ad-a6f7-8c77cea76d5c
"Rohre für Strom-Wärmepumpe (Sole-Wasser, Erdsonde) 10 kW",nicht vorhanden,87e96a7e-8a0b-432f-930b-6b06d07c12c7,nicht vorhanden,nicht vorhanden,nicht vorhanden,nicht vorhanden,nicht vorhanden,nicht vorhanden,"Rohre für Strom-Wärmepumpe (Sole-Wasser, Erdsonde) 10 kW",nicht eingestuft,n.e.,n.e.,n.e.,,8.1,fccdea69-7809-5cc2-9af4-25fc3c6e632f,ef961829-1f5b-52ad-a6f7-8c77cea76d5c
"Rohre für Strom-Wärmepumpe (Sole-Wasser, Erdsonde) 20 kW",nicht vorhanden,93a80673-df5c-4432-958f-f241ff31fd9a,nicht vorhanden,nicht vorhanden,nicht vorhanden,nicht vorhanden,nicht vorhanden,nicht vorhanden,"Rohre für Strom-Wärmepumpe (Sole-Wasser, Erdsonde) 20 kW",nicht eingestuft,n.e.,n.e.,n.e.,,8.1,77a9722d-9479-5c8f-8b15-00a0cefee3a9,ef961829-1f5b-52ad-a6f7-8c77cea76d5c
"Rohre für Strom-Wärmepumpe (Sole-Wasser, Erdsonde) 70 kW",nicht vorhanden,734f7419-1378-4b79-af5e-09297e5965d9,nicht vorhanden,nicht vorhanden,nicht vorhanden,nicht vorhanden,nicht vorhanden,nicht vorhanden,"Rohre für Strom-Wärmepumpe (Sole-Wasser, Erdsonde) 70 kW",nicht eingestuft,n.e.,n.e.,n.e.,,8.1,363dcc45-a9c3-5556-924e-337162ba7d2f,ef961829-1f5b-52ad-a6f7-8c77cea76d5c
Rohre für Strom-Wärmepumpe (Wasser-Wasser) 10 kW,nicht vorhanden,02b43df9-fe34-4839-ac3e-5b47cc5f7674,nicht vorhanden,nicht vorhanden,nicht vorhanden,nicht vorhanden,nicht vorhanden,nicht vorhanden,Rohre für Strom-Wärmepumpe (Wasser-Wasser) 10 kW,nicht eingestuft,n.e.,n.e.,n.e.,,8.1,4a94e6c9-a37d-57b3-9bf0-68f359fcd29b,ef961829-1f5b-52ad-a6f7-8c77cea76d5c
Rohre für Strom-Wärmepumpe (Wasser-Wasser) 20 kW,nicht vorhanden,bbc25eaf-d126-4649-b8fa-0e90b67d314f,nicht vorhanden,nicht vorhanden,nicht vorhanden,nicht vorhanden,nicht vorhanden,nicht vorhanden,Rohre für Strom-Wärmepumpe (Wasser-Wasser) 20 kW,nicht eingestuft,n.e.,n.e.,n.e.,,8.1,da1aad04-c8bf-5928-b524-41ea70a6b5f7,ef961829-1f5b-52ad-a6f7-8c77cea76d5c
Rohre für Strom-Wärmepumpe (Wasser-Wasser) 70 kW,nicht vorhanden,4270c3ec-7943-4bac-99de-d53043f0f33c,nicht vorhanden,nicht vorhanden,nicht vorhanden,nicht vorhanden,nicht vorhanden,nicht vorhanden,Rohre für Strom-Wärmepumpe (Wasser-Wasser) 70 kW,nicht eingestuft,n.e.,n.e.,n.e.,,8.1,9e22a3e2-8f0c-52a6-bed2-05009a17642c,ef961829-1f5b-52ad-a6f7-8c77cea76d5c
Rollladen Kunststoff,nicht vorhanden,986d66de-db26-4512-a113-6e9486324d20,nicht vorhanden,nicht vorhanden,nicht vorhanden,nicht vorhanden,nicht vorhanden,nicht vorhanden,Rollladen Kunststoff,nicht eingestuft,n.e.,n.e.,n.e.,,7.2,ce04c5b8-e467-5eb8-aed6-f7a53e9dcbae,ef961829-1f5b-52ad-a6f7-8c77cea76d5c
Rolltor,nicht vorhanden,53f55b54-da26-47a2-9a83-9529eb99eb66,nicht vorhanden,nicht vorhanden,nicht vorhanden,nicht vorhanden,nicht vorhanden,nicht vorhanden,Rolltor,nicht eingestuft,n.e.,n.e.,n.e.,,,a82c2504-2844-544c-8a63-5902b78c2ecb,ef961829-1f5b-52ad-a6f7-8c77cea76d5c
Rotguss-Bauteil,0cc9aee8-95a6-45bf-b581-1d982e593703,dc48d28c-1d88-4d35-bf71-1249cddd6740,0cc9aee8-95a6-45bf-b581-1d982e593703,0cc9aee8-95a6-45bf-b581-1d982e593703,0cc9aee8-95a6-45bf-b581-1d982e593703,0cc9aee8-95a6-45bf-b581-1d982e593703,0cc9aee8-95a6-45bf-b581-1d982e593703,0cc9aee8-95a6-45bf-b581-1d982e593703,Rotguss-Bauteil,nicht eingestuft,n.e.,n.e.,n.e.,,4.4,ca41d4db-7a0a-518a-adc2-0f07f3158413,ef961829-1f5b-52ad-a6f7-8c77cea76d5c
Sand 0/2,61655387-edd4-4800-ba3e-67bc15f2f096,8125026b-602d-47d5-9087-7470c457d10a,61655387-edd4-4800-ba3e-67bc15f2f096,61655387-edd4-4800-ba3e-67bc15f2f096,61655387-edd4-4800-ba3e-67bc15f2f096,61655387-edd4-4800-ba3e-67bc15f2f096,61655387-edd4-4800-ba3e-67bc15f2f096,61655387-edd4-4800-ba3e-67bc15f2f096,Sand 0/2,Sand,CL+,CL+,1,,1.2,889cae00-4318-5354-a76d-7628a40770df,4966d3f4-3908-5abd-93ee-dfe82413e11a
Sand 0/2 (getrocknet),c1b237e1-2206-4318-8d99-f023b8aeb5d6,2aff655f-5c9b-4d40-8c14-11b366aba6c9,c1b237e1-2206-4318-8d99-f023b8aeb5d6,c1b237e1-2206-4318-8d99-f023b8aeb5d6,c1b237e1-2206-4318-8d99-f023b8aeb5d6,c1b237e1-2206-4318-8d99-f023b8aeb5d6,c1b237e1-2206-4318-8d99-f023b8aeb5d6,c1b237e1-2206-4318-8d99-f023b8aeb5d6,Sand 0/2 getrocknet,Sand,CL+,CL+,1,,1.2,2e4c21bd-c37a-5669-9c1f-f6635ee8ec55,4966d3f4-3908-5abd-93ee-dfe82413e11a
Sanitärkeramik,nicht vorhanden,63c1d882-db0e-42cd-ba84-63adce5deb93,nicht vorhanden,nicht vorhanden,nicht vorhanden,nicht vorhanden,nicht vorhanden,nicht vorhanden,Sanitärkeramik,nicht eingestuft,n.e.,n.e.,n.e.,,8.3,9e5a66b0-6cca-5109-9f62-fe9de68eff42,ef961829-1f5b-52ad-a6f7-8c77cea76d5c
,,,,,,,,,Schafwolle (mit Flammschutzmittel),Schafwolle mit Flammschutzmittel,EV-,EV-,0.75,,2.23,b69e3b72-658f-5a0f-9cfe-fe1878743829,fb0cb990-9c81-54c5-b31f-ba31c06a196d
,,,,,,,,,Schafwolle (ohne Zusatzstoffe),Schafwolle,EV-,RC+,0.75,,2.23,d60ae833-d052-56f1-bc15-81652b4037ea,bc4686e3-46dd-5e6e-97b8-1b78b2a1b710
Schaumbeton Dämmplatten,nicht vorhanden,37532578-b1c0-4ed6-b209-5b4cb1b15729,nicht vorhanden,nicht vorhanden,nicht vorhanden,nicht vorhanden,nicht vorhanden,nicht vorhanden,Schaumbeton Dämmplatten,Mineralplatte,Dep+,SV,0.75,,2.27,ba5ab357-fed0-56c1-a1fc-e757578a075e,0840d37c-a225-5898-a9b5-6ccebe6ac846
,,,,,,,,,Schaumglasgranulat Schüttung,Mineralische Dämmschüttung,SV,CL-,0.75,,2.6,7710d079-a59a-50cd-b6e3-94c1694a8ea3,58844cb2-6caf-531b-869c-598ac247f38f
Schaumglas Dämmstoff,nicht vorhanden,387dcaea-adf2-4f84-a1b0-b81520126a1c,nicht vorhanden,nicht vorhanden,nicht vorhanden,nicht vorhanden,nicht vorhanden,nicht vorhanden,Schaumglasplatten,Schaumglas,Dep+,SV,0.75,,,2f4d9863-4284-5171-b989-88ae94502195,d1ff6d43-9475-583c-96f5-a4a19678d247
Schieferplatten,9049a94f-a527-4d87-a4b9-5a3a56f5ea19,8847396e-ce82-433d-9f65-8bc144a2a7a4,9049a94f-a527-4d87-a4b9-5a3a56f5ea19,9049a94f-a527-4d87-a4b9-5a3a56f5ea19,9049a94f-a527-4d87-a4b9-5a3a56f5ea19,9049a94f-a527-4d87-a4b9-5a3a56f5ea19,9049a94f-a527-4d87-a4b9-5a3a56f5ea19,9049a94f-a527-4d87-a4b9-5a3a56f5ea19,"Schiefer, unhandelt",Stein unbehandelt,CL+,CL+,1,,1.3,1f09e5f3-0e4a-5a90-a3fa-c8d88b234fa7,c47ca8af-a4a9-5941-a3a2-47938b2ec6a9
,,,,,,,,,Schilfrohrdämmmatte,Schilfrohr,SV,RC+,0.5,,2.23,a2ddfebd-d724-5024-a3d3-8d1e1c37c1aa,c698983b-a53c-590f-a86e-442cf8066e5d
,,,,,,,,,Schilfrohrdämmmatte - Störst.kl. S4 (Neueinstufung),Schilfrohr  - verunreinigt S4,EV-,SV,0.75,,2.23,c380efc0-9e34-5ebf-a5f6-88c00f9a17c5,cc88b962-aa43-5243-b377-7abb87ede74b
,,,,,,,,,Schilfrohrmatte (Putzträger),Schilfrohr,SV,RC+,0.5,,2.23,07f3cd08-b529-5955-9651-1b666862bdd8,c698983b-a53c-590f-a86e-442cf8066e5d
Schmelzkammergranulat,d895bdb7-0dff-457e-9ad2-45662fc227f5,05655326-c0c0-4225-8ca4-987f112fc2ce,d895bdb7-0dff-457e-9ad2-45662fc227f5,d895bdb7-0dff-457e-9ad2-45662fc227f5,d895bdb7-0dff-457e-9ad2-45662fc227f5,d895bdb7-0dff-457e-9ad2-45662fc227f5,d895bdb7-0dff-457e-9ad2-45662fc227f5,d895bdb7-0dff-457e-9ad2-45662fc227f5,Schmelzkammergranulat,Grundstoff nicht eingestuft,nicht eingestuft,n.e.,n.e.,n.e.,1.2,aae8eb17-c7b3-5ea3-8055-71e2fd802b99,71b469c3-6a93-5e60-b8f2-b24c3e39609f
"Schnittholz Buche (generisch, 12% Feuchte/10,7% H2O)",08bbc2e2-1513-4ce3-816e-99e95fdafc4e,47522e31-78c8-43ea-aac4-c7c9d6ca30ab,08bbc2e2-1513-4ce3-816e-99e95fdafc4e,08bbc2e2-1513-4ce3-816e-99e95fdafc4e,08bbc2e2-1513-4ce3-816e-99e95fdafc4e,08bbc2e2-1513-4ce3-816e-99e95fdafc4e,08bbc2e2-1513-4ce3-816e-99e95fdafc4e,08bbc2e2-1513-4ce3-816e-99e95fdafc4e,Schnittholz Buche,"Holz - massiv, naturbelassen",RC+,CL+,0.75,,3.1,c022cac6-43d6-5e43-a433-19871fa3cc01,9410ab32-3758-5aaa-b196-b7ecd5ce0e30
"Schnittholz Buche (generisch, 12% Feuchte/10,7% H2O)",08bbc2e2-1513-4ce3-816e-99e95fdafc4e,47522e31-78c8-43ea-aac4-c7c9d6ca30ab,08bbc2e2-1513-4ce3-816e-99e95fdafc4e,08bbc2e2-1513-4ce3-816e-99e95fdafc4e,08bbc2e2-1513-4ce3-816e-99e95fdafc4e,08bbc2e2-1513-4ce3-816e-99e95fdafc4e,08bbc2e2-1513-4ce3-816e-99e95fdafc4e,08bbc2e2-1513-4ce3-816e-99e95fdafc4e,Schnittholz Buche  - Störstkl. S4 (Neueinstufung),"Holz - behandelt mit HSM , FSM oder Beschichtung schwermetallfrei und halogenorg. V. > 1 und <= 3 M %",EV-,EV-,0,,3.1,269cf959-c858-5a11-8145-11b73baf543f,efdfd939-741f-5c54-9233-5a46152071bb
"Schnittholz Eiche (generisch, 12% Feuchte/10.7% H2O)",7ec1d463-fd99-4b1d-9a57-9a72cac408d2,54343f3c-d101-4dd4-883f-0515c44e38de,7ec1d463-fd99-4b1d-9a57-9a72cac408d2,7ec1d463-fd99-4b1d-9a57-9a72cac408d2,7ec1d463-fd99-4b1d-9a57-9a72cac408d2,7ec1d463-fd99-4b1d-9a57-9a72cac408d2,7ec1d463-fd99-4b1d-9a57-9a72cac408d2,7ec1d463-fd99-4b1d-9a57-9a72cac408d2,Schnittholz Eiche,"Holz - massiv, naturbelassen",RC+,CL+,0.75,,3.1,a8ce0645-bd59-5d9a-a1c6-cab248e7a86c,9410ab32-3758-5aaa-b196-b7ecd5ce0e30
"Schnittholz Eiche (generisch, 12% Feuchte/10.7% H2O)",7ec1d463-fd99-4b1d-9a57-9a72cac408d2,54343f3c-d101-4dd4-883f-0515c44e38de,7ec1d463-fd99-4b1d-9a57-9a72cac408d2,7ec1d463-fd99-4b1d-9a57-9a72cac408d2,7ec1d463-fd99-4b1d-9a57-9a72cac408d2,7ec1d463-fd99-4b1d-9a57-9a72cac408d2,7ec1d463-fd99-4b1d-9a57-9a72cac408d2,7ec1d463-fd99-4b1d-9a57-9a72cac408d2,Schnittholz Eiche - Störstkl. S4 (Neueinstufung),"Holz - behandelt mit HSM , FSM oder Beschichtung schwermetallfrei und halogenorg. V. > 1 und <= 3 M %",EV-,EV-,0,,3.1,c53e7a6d-179d-5731-8485-9364eff0ae03,efdfd939-741f-5c54-9233-5a46152071bb
"Schnittholz Fichte (generisch, 12% Feuchte/10.7% H2O)",3057d7c0-7bee-4ba2-9edf-517d4cd97a14,5f5a9cef-8b0a-4a8a-9828-9a681e5ee399,3057d7c0-7bee-4ba2-9edf-517d4cd97a14,3057d7c0-7bee-4ba2-9edf-517d4cd97a14,3057d7c0-7bee-4ba2-9edf-517d4cd97a14,3057d7c0-7bee-4ba2-9edf-517d4cd97a14,3057d7c0-7bee-4ba2-9edf-517d4cd97a14,3057d7c0-7bee-4ba2-9edf-517d4cd97a14,Schnittholz Fichte,"Holz - massiv, naturbelassen",RC+,CL+,0.75,,3.1,0526973b-7889-5ac0-a12c-cb8fedc32991,9410ab32-3758-5aaa-b196-b7ecd5ce0e30
"Schnittholz Fichte (generisch, 12% Feuchte/10.7% H2O)",3057d7c0-7bee-4ba2-9edf-517d4cd97a14,5f5a9cef-8b0a-4a8a-9828-9a681e5ee399,3057d7c0-7bee-4ba2-9edf-517d4cd97a14,3057d7c0-7bee-4ba2-9edf-517d4cd97a14,3057d7c0-7bee-4ba2-9edf-517d4cd97a14,3057d7c0-7bee-4ba2-9edf-517d4cd97a14,3057d7c0-7bee-4ba2-9edf-517d4cd97a14,3057d7c0-7bee-4ba2-9edf-517d4cd97a14,Schnittholz Fichte - Störstkl. S4 (Neueinstufung),"Holz - behandelt mit HSM , FSM oder Beschichtung schwermetallfrei und halogenorg. V. > 1 und <= 3 M %",EV-,EV-,0,,3.1,c9d9e98b-3c07-513f-8371-93283973c4d9,efdfd939-741f-5c54-9233-5a46152071bb
"Schnittholz Kiefer (generisch, 12% Feuchte/10,7% H2O)",aea021e8-7e2f-4f6b-ae3f-a76cba4c5d6e,d171cb17-81c4-41c9-9e14-0da45be14221,aea021e8-7e2f-4f6b-ae3f-a76cba4c5d6e,aea021e8-7e2f-4f6b-ae3f-a76cba4c5d6e,aea021e8-7e2f-4f6b-ae3f-a76cba4c5d6e,aea021e8-7e2f-4f6b-ae3f-a76cba4c5d6e,aea021e8-7e2f-4f6b-ae3f-a76cba4c5d6e,aea021e8-7e2f-4f6b-ae3f-a76cba4c5d6e,Schnittholz Kiefer,"Holz - massiv, naturbelassen",RC+,CL+,0.75,,3.1,d3596de8-4ebf-52cd-aa89-8871cc8a488c,9410ab32-3758-5aaa-b196-b7ecd5ce0e30
"Schnittholz Kiefer (generisch, 12% Feuchte/10,7% H2O)",aea021e8-7e2f-4f6b-ae3f-a76cba4c5d6e,d171cb17-81c4-41c9-9e14-0da45be14221,aea021e8-7e2f-4f6b-ae3f-a76cba4c5d6e,aea021e8-7e2f-4f6b-ae3f-a76cba4c5d6e,aea021e8-7e2f-4f6b-ae3f-a76cba4c5d6e,aea021e8-7e2f-4f6b-ae3f-a76cba4c5d6e,aea021e8-7e2f-4f6b-ae3f-a76cba4c5d6e,aea021e8-7e2f-4f6b-ae3f-a76cba4c5d6e,Schnittholz Kiefer  - Störstkl. S4 (Neueinstufung),"Holz - behandelt mit HSM , FSM oder Beschichtung schwermetallfrei und halogenorg. V. > 1 und <= 3 M %",EV-,EV-,0,,3.1,748b9270-3f2a-567d-bd87-746164f0cc07,efdfd939-741f-5c54-9233-5a46152071bb
"Schnittholz Lärche (generisch, 12% Feuchte/10,7% H2O)",8c47fba4-0e61-48d1-a03f-bf17911f0dae,9d1d96af-3f9b-41fb-bd33-43ec9e2fd1fd,8c47fba4-0e61-48d1-a03f-bf17911f0dae,8c47fba4-0e61-48d1-a03f-bf17911f0dae,8c47fba4-0e61-48d1-a03f-bf17911f0dae,8c47fba4-0e61-48d1-a03f-bf17911f0dae,8c47fba4-0e61-48d1-a03f-bf17911f0dae,8c47fba4-0e61-48d1-a03f-bf17911f0dae,Schnittholz Lärche,"Holz - massiv, naturbelassen",RC+,CL+,0.75,,3.1,8ecf95e8-e450-5110-aa46-712dc02822ae,9410ab32-3758-5aaa-b196-b7ecd5ce0e30
"Schnittholz Lärche (generisch, 12% Feuchte/10,7% H2O)",8c47fba4-0e61-48d1-a03f-bf17911f0dae,9d1d96af-3f9b-41fb-bd33-43ec9e2fd1fd,8c47fba4-0e61-48d1-a03f-bf17911f0dae,8c47fba4-0e61-48d1-a03f-bf17911f0dae,8c47fba4-0e61-48d1-a03f-bf17911f0dae,8c47fba4-0e61-48d1-a03f-bf17911f0dae,8c47fba4-0e61-48d1-a03f-bf17911f0dae,8c47fba4-0e61-48d1-a03f-bf17911f0dae,Schnittholz Lärche - Störstkl. S4 (Neueinstufung),"Holz - behandelt mit HSM , FSM oder Beschichtung schwermetallfrei und halogenorg. V. > 1 und <= 3 M %",EV-,EV-,0,,3.1,1675b959-75ae-5762-863b-46bfb7196df6,efdfd939-741f-5c54-9233-5a46152071bb
"Schnittholz Zeder (generisch, 12% Feuchte/10,7% H2O)",d7073560-4c4b-4cb0-b6bf-a902950c5109,de1d54e8-8211-416b-9ff6-cebeb5123c71,d7073560-4c4b-4cb0-b6bf-a902950c5109,d7073560-4c4b-4cb0-b6bf-a902950c5109,d7073560-4c4b-4cb0-b6bf-a902950c5109,d7073560-4c4b-4cb0-b6bf-a902950c5109,d7073560-4c4b-4cb0-b6bf-a902950c5109,d7073560-4c4b-4cb0-b6bf-a902950c5109,Schnittholz Zeder,"Holz - massiv, naturbelassen",RC+,CL+,0.75,,3.1,08c56f3d-8c81-5d00-b951-0209bb680ffb,9410ab32-3758-5aaa-b196-b7ecd5ce0e30
"Schnittholz Zeder (generisch, 12% Feuchte/10,7% H2O)",d7073560-4c4b-4cb0-b6bf-a902950c5109,de1d54e8-8211-416b-9ff6-cebeb5123c71,d7073560-4c4b-4cb0-b6bf-a902950c5109,d7073560-4c4b-4cb0-b6bf-a902950c5109,d7073560-4c4b-4cb0-b6bf-a902950c5109,d7073560-4c4b-4cb0-b6bf-a902950c5109,d7073560-4c4b-4cb0-b6bf-a902950c5109,d7073560-4c4b-4cb0-b6bf-a902950c5109,Schnittholz Zeder  - Störstkl. S4 (Neueinstufung),"Holz - behandelt mit HSM , FSM oder Beschichtung schwermetallfrei und halogenorg. V. > 1 und <= 3 M %",EV-,EV-,0,,3.1,d703c289-9ce7-5f8a-8975-3cd526f77f29,efdfd939-741f-5c54-9233-5a46152071bb
Schornstein Edelstahl (Einwandig),nicht vorhanden,97baa88a-6528-41c3-8943-1ee8094645f5,nicht vorhanden,nicht vorhanden,nicht vorhanden,nicht vorhanden,nicht vorhanden,nicht vorhanden,Schornstein Edelstahl (Einwandig),nicht eingestuft,n.e.,n.e.,n.e.,,8.1,19c2f7d8-eb5b-5da0-a5f9-716a120fa276,ef961829-1f5b-52ad-a6f7-8c77cea76d5c
Schornstein gemauert (Einzügig),nicht vorhanden,1778444e-e7a5-46dc-8260-64afe41f8a2e,nicht vorhanden,nicht vorhanden,nicht vorhanden,nicht vorhanden,nicht vorhanden,nicht vorhanden,Schornstein gemauert (Einzügig),nicht eingestuft,n.e.,n.e.,n.e.,,8.1,79c7115b-3fbc-5754-afe2-f42ef40446a5,ef961829-1f5b-52ad-a6f7-8c77cea76d5c
Schornstein gemauert (Zweizügig),nicht vorhanden,5b35df13-7d69-43a5-9532-98f62bc2f460,nicht vorhanden,nicht vorhanden,nicht vorhanden,nicht vorhanden,nicht vorhanden,nicht vorhanden,Schornstein gemauert (Zweizügig),nicht eingestuft,n.e.,n.e.,n.e.,,8.1,ae98c4f2-9c07-5e86-8f5c-32ee239f3520,ef961829-1f5b-52ad-a6f7-8c77cea76d5c
Schornstein Polypropylen (PP),nicht vorhanden,3cf1e41b-66b6-4475-b69c-8866e267a02f,nicht vorhanden,nicht vorhanden,nicht vorhanden,nicht vorhanden,nicht vorhanden,nicht vorhanden,Schornstein Polypropylen (PP),nicht eingestuft,n.e.,n.e.,n.e.,,8.1,de09e5a1-22d5-58d2-ad09-6e5ce4291294,ef961829-1f5b-52ad-a6f7-8c77cea76d5c
Schotter 16/32,bd6aa879-e6e6-4181-afc5-1374b2f32dd1,85fc79d8-ba39-4236-993e-eeb928d9ae6f,bd6aa879-e6e6-4181-afc5-1374b2f32dd1,bd6aa879-e6e6-4181-afc5-1374b2f32dd1,bd6aa879-e6e6-4181-afc5-1374b2f32dd1,bd6aa879-e6e6-4181-afc5-1374b2f32dd1,bd6aa879-e6e6-4181-afc5-1374b2f32dd1,bd6aa879-e6e6-4181-afc5-1374b2f32dd1,Schotter 16/32,Kies / Schotter / Splitt,CL+,CL+,1,,1.2,f5ac005e-6348-5ac8-8565-dfffd62bcef7,142ffb75-f7a1-556c-bf1a-23fbf98a314b
Schotter 16/32 (getrocknet),de7fbcfc-0ee0-4e65-a1f9-af1551a20281,2f04b410-9ca3-4984-a9f2-8475a6e9b5c1,de7fbcfc-0ee0-4e65-a1f9-af1551a20281,de7fbcfc-0ee0-4e65-a1f9-af1551a20281,de7fbcfc-0ee0-4e65-a1f9-af1551a20281,de7fbcfc-0ee0-4e65-a1f9-af1551a20281,de7fbcfc-0ee0-4e65-a1f9-af1551a20281,de7fbcfc-0ee0-4e65-a1f9-af1551a20281,Schotter 16/32 (getrocknet),Kies / Schotter / Splitt,CL+,CL+,1,,1.2,e79427be-d6bf-5790-a705-2d2d1b61ed60,142ffb75-f7a1-556c-bf1a-23fbf98a314b
Schüttung aus Polystyrolschaumstoff-Partikeln (ohne Bindemittel),e6b12fcd-c1fb-40d9-a9ec-d0149c3d1cd8,198043f5-de31-4fab-a300-53639b983dd1,e6b12fcd-c1fb-40d9-a9ec-d0149c3d1cd8,e6b12fcd-c1fb-40d9-a9ec-d0149c3d1cd8,e6b12fcd-c1fb-40d9-a9ec-d0149c3d1cd8,e6b12fcd-c1fb-40d9-a9ec-d0149c3d1cd8,e6b12fcd-c1fb-40d9-a9ec-d0149c3d1cd8,e6b12fcd-c1fb-40d9-a9ec-d0149c3d1cd8,Schüttung aus Polystyrolschaumstoff-Partikeln (ohne Bindemittel),EPS - Sz. RC als Schütt.,EV-,SV,0.75,,2.2,edad67d1-0a0d-5672-96e3-16e2af59ddc8,2922ff45-343a-5371-9cc3-45b78cc8f720
Schüttung aus Polystyrolschaumstoff-Partikeln (ohne Bindemittel),e6b12fcd-c1fb-40d9-a9ec-d0149c3d1cd8,198043f5-de31-4fab-a300-53639b983dd1,e6b12fcd-c1fb-40d9-a9ec-d0149c3d1cd8,e6b12fcd-c1fb-40d9-a9ec-d0149c3d1cd8,e6b12fcd-c1fb-40d9-a9ec-d0149c3d1cd8,e6b12fcd-c1fb-40d9-a9ec-d0149c3d1cd8,e6b12fcd-c1fb-40d9-a9ec-d0149c3d1cd8,e6b12fcd-c1fb-40d9-a9ec-d0149c3d1cd8,Schüttung aus Polystyrolschaumstoff-Partikeln (ohne Bindemittel),EPS - Sz. Energet. Beseitig.,EV-,EV-,0,,2.2,cb608024-265b-5048-b690-46e0e7be535b,32e15361-8b89-548d-8ad1-a5c2d98abcc3
Schüttung aus Polystyrolschaumstoff-Partikeln (zementgebunden),704177f4-78cd-47a3-b71c-07899df86615,84e317e1-9d87-4246-bd95-0777aaf2dc3f,704177f4-78cd-47a3-b71c-07899df86615,704177f4-78cd-47a3-b71c-07899df86615,704177f4-78cd-47a3-b71c-07899df86615,704177f4-78cd-47a3-b71c-07899df86615,704177f4-78cd-47a3-b71c-07899df86615,704177f4-78cd-47a3-b71c-07899df86615,Schüttung aus Polystyrolschaumstoff-Partikeln (zementgebunden),Schüttung organ./min. gebunden,Dep-,Dep-,0,,2.2,547c2b0d-2b86-50d2-bcc1-f909dee767c2,50e3993f-8c27-53de-962b-964ce4a74e1b
,,,,,,,,,Silikat-Dispersionsputz (mineral. Untergrund),"mineral. Putz, Mörtel, Kleber",Dep+,Dep+,0,,1.4,f4483e19-d79f-556b-a7d8-ea48bf47461e,de8525b4-fbf3-5c62-abec-ca8db74dc92b
,,,,,,,,,Silikatputz,organ. Putz,Dep-,Dep-,0,,1.4,e2537746-9d5c-5050-bd2f-9ac77c8f8dca,4edf3510-df73-5b4d-9234-cd9a9366ad58
Silikon-Dichtmasse,bc8d8fd4-6c25-4bd6-bcbf-6f994e8e5753,f31a93c2-0132-4508-916d-14579f636fb8,bc8d8fd4-6c25-4bd6-bcbf-6f994e8e5753,bc8d8fd4-6c25-4bd6-bcbf-6f994e8e5753,bc8d8fd4-6c25-4bd6-bcbf-6f994e8e5753,bc8d8fd4-6c25-4bd6-bcbf-6f994e8e5753,bc8d8fd4-6c25-4bd6-bcbf-6f994e8e5753,bc8d8fd4-6c25-4bd6-bcbf-6f994e8e5753,Silikon-Dichtmasse,"Bitumenkaltkleber, Glasvlies, Glasfaserarmierung,..",EB,EB,0,,6.7,010c48e9-48ba-5d8e-8afb-1d5f1873bf14,e5e77647-3701-5819-81c0-aa8681bfd16f
,,,,,,,,,Silikonharzputz,organ. Putz,Dep-,Dep-,0,,1.4,c6c69b32-0caa-5bf2-b0bb-b30a1de88e2b,4edf3510-df73-5b4d-9234-cd9a9366ad58
Solaranlage Flachkollektor,nicht vorhanden,ad5f4666-dffa-45d4-abe4-fb5ab74d63e1,nicht vorhanden,nicht vorhanden,nicht vorhanden,nicht vorhanden,nicht vorhanden,nicht vorhanden,Solaranlage Flachkollektor,nicht eingestuft,n.e.,n.e.,n.e.,,8.1,f388b494-6724-518c-a8e4-855244f2f393,ef961829-1f5b-52ad-a6f7-8c77cea76d5c
Solaranlage Vakuumröhrenkollektor,nicht vorhanden,904204ca-cdaa-49ac-a899-4fabf8e56456,nicht vorhanden,nicht vorhanden,nicht vorhanden,nicht vorhanden,nicht vorhanden,nicht vorhanden,Solaranlage Vakuumröhrenkollektor,nicht eingestuft,n.e.,n.e.,n.e.,,8.1,11748c14-dfc4-577b-8ea4-6b17b2e309ed,ef961829-1f5b-52ad-a6f7-8c77cea76d5c
Sonnenschutzlammellen Aluminium,nicht vorhanden,8f414283-3fb2-4255-b721-f29bfb12e5b2,nicht vorhanden,nicht vorhanden,nicht vorhanden,nicht vorhanden,nicht vorhanden,nicht vorhanden,Sonnenschutzlammellen Aluminium,nicht eingestuft,,,,,7.2,6b251621-a500-5bd6-a1b4-47a2aae70dba,0692bd68-5a31-5d0d-9819-7b94c9c3999b
Sonnenschutztuch,5662c927-cd47-46e5-b753-925db31b9870,3511337e-eca7-487b-b185-a819a4b238ed,5662c927-cd47-46e5-b753-925db31b9870,5662c927-cd47-46e5-b753-925db31b9870,5662c927-cd47-46e5-b753-925db31b9870,5662c927-cd47-46e5-b753-925db31b9870,5662c927-cd47-46e5-b753-925db31b9870,5662c927-cd47-46e5-b753-925db31b9870,Sonnenschutztuch,nicht eingestuft,n.e.,n.e.,n.e.,,6.6,9d56a67d-5163-501b-a5d9-882506352e22,ef961829-1f5b-52ad-a6f7-8c77cea76d5c
Spanplatte (generisch),60e8b384-adf2-4c3b-b3da-e407df106cf5,07a8b3de-9406-4184-bb6e-c9208983c868,60e8b384-adf2-4c3b-b3da-e407df106cf5,60e8b384-adf2-4c3b-b3da-e407df106cf5,60e8b384-adf2-4c3b-b3da-e407df106cf5,60e8b384-adf2-4c3b-b3da-e407df106cf5,60e8b384-adf2-4c3b-b3da-e407df106cf5,60e8b384-adf2-4c3b-b3da-e407df106cf5,Spanplatte,Holzwerkstoff - nicht beschichtet,RC+,RC+,1,,3.2,1dd9ab3b-f95f-5dab-baa4-3a0cc23bd1c5,58073859-ef5c-5b3b-9210-ac5abb6a6175
Sperrholzplatte (generisch),cc180aec-8a5c-4e07-b1a0-1ab81dd746ac,f9f742db-d695-456a-9793-0636eab7df05,cc180aec-8a5c-4e07-b1a0-1ab81dd746ac,cc180aec-8a5c-4e07-b1a0-1ab81dd746ac,cc180aec-8a5c-4e07-b1a0-1ab81dd746ac,cc180aec-8a5c-4e07-b1a0-1ab81dd746ac,cc180aec-8a5c-4e07-b1a0-1ab81dd746ac,cc180aec-8a5c-4e07-b1a0-1ab81dd746ac,Sperrholzplatte,Holzwerkstoff - nicht beschichtet,RC+,RC+,1,,3.2,9df36690-73e6-5cc4-9a4c-6f4054ec0c40,58073859-ef5c-5b3b-9210-ac5abb6a6175
Splitt 2/15,26ad7410-7fcb-42e8-b622-d1ba2edbf10c,d47c49c6-fb84-4b33-9710-bb442180823b,26ad7410-7fcb-42e8-b622-d1ba2edbf10c,26ad7410-7fcb-42e8-b622-d1ba2edbf10c,26ad7410-7fcb-42e8-b622-d1ba2edbf10c,26ad7410-7fcb-42e8-b622-d1ba2edbf10c,26ad7410-7fcb-42e8-b622-d1ba2edbf10c,26ad7410-7fcb-42e8-b622-d1ba2edbf10c,Splitt 2/15,Kies / Schotter / Splitt,CL+,CL+,1,,1.2,3655c2c9-7b4a-52e9-8d9c-e435b09d90f4,142ffb75-f7a1-556c-bf1a-23fbf98a314b
Splitt 2/15 (getrocknet),7502766c-df2f-4f8d-8d45-17bb6938eac8,6e54b3c4-5399-4579-bb31-397cc271e341,7502766c-df2f-4f8d-8d45-17bb6938eac8,7502766c-df2f-4f8d-8d45-17bb6938eac8,7502766c-df2f-4f8d-8d45-17bb6938eac8,7502766c-df2f-4f8d-8d45-17bb6938eac8,7502766c-df2f-4f8d-8d45-17bb6938eac8,7502766c-df2f-4f8d-8d45-17bb6938eac8,Splitt 2/15 (getrocknet),Kies / Schotter / Splitt,CL+,CL+,1,,1.2,1f8d4ccb-2c29-52ed-a5f6-922f44366545,142ffb75-f7a1-556c-bf1a-23fbf98a314b
,,,,,,,,,"Splitt 2/8, dauerelastisch gebunden (Latex, sonstige Polymere)",Schüttung organ./min. gebunden,Dep-,Dep-,0,,1.2,82204608-912d-59df-a3f2-68315eb2c15b,50e3993f-8c27-53de-962b-964ce4a74e1b
Splittmastixasphalt (SMA),19f46be3-d65a-441f-8d74-dfc412160cf1,78fb80c2-6d74-49fe-97fa-4d436af75106,19f46be3-d65a-441f-8d74-dfc412160cf1,19f46be3-d65a-441f-8d74-dfc412160cf1,19f46be3-d65a-441f-8d74-dfc412160cf1,19f46be3-d65a-441f-8d74-dfc412160cf1,19f46be3-d65a-441f-8d74-dfc412160cf1,19f46be3-d65a-441f-8d74-dfc412160cf1,Splittmastixasphalt SMA,Asphalt (Hochbau),Dep+,CL+,0.75,,1.5,6543fe65-2208-5a73-9924-2fde11d287a2,6b413e09-fd33-5f1f-8706-8a2293b95d1d
,,,,,,,,,Splittschüttung mineral. geb.,Schüttung min./min. gebunden,RC-,RC-,1,,1.2,4c3d7ae2-61db-558a-9d63-b47e78f5825d,598b2ddb-e2d5-5c63-b2d3-f0cd0fc7ac39
Stabparkett (generisch),88619ce6-c0aa-43bd-9ac6-477b5d6ce442,96a73457-ae7d-49ff-906a-d10e6b11d82c,88619ce6-c0aa-43bd-9ac6-477b5d6ce442,88619ce6-c0aa-43bd-9ac6-477b5d6ce442,88619ce6-c0aa-43bd-9ac6-477b5d6ce442,88619ce6-c0aa-43bd-9ac6-477b5d6ce442,88619ce6-c0aa-43bd-9ac6-477b5d6ce442,88619ce6-c0aa-43bd-9ac6-477b5d6ce442,Stabparkett,Holzwerkstoffboden,RC-,RC-,1,,3.3,7bf05754-f803-5390-afc3-c2ec26088439,b3ba22f6-f5be-50d1-8181-caefb182f1a7
"Stahl Feinblech (0,3-3,0mm)",9cbdbafe-8377-46ca-a640-8e3c8fc518c0,bca0565e-ee92-4b32-939e-60c67e503390,9cbdbafe-8377-46ca-a640-8e3c8fc518c0,9cbdbafe-8377-46ca-a640-8e3c8fc518c0,9cbdbafe-8377-46ca-a640-8e3c8fc518c0,9cbdbafe-8377-46ca-a640-8e3c8fc518c0,9cbdbafe-8377-46ca-a640-8e3c8fc518c0,9cbdbafe-8377-46ca-a640-8e3c8fc518c0,"Stahl Feinblech (0,3-3,0mm), unverzinkt",Stahl - Stahlblech,CL+,CL+,1,,4.1,90a00dcc-f5f8-5c06-ac48-d0d35ac346ed,c329a014-1eaa-5a81-b461-7a278a15edd7
Stahl Feinblech (20µm bandverzinkt),93edef71-49e3-4e1f-ba6d-1e449e7d328d,e4d32a41-ad4e-48bd-8ad9-56f50f495503,93edef71-49e3-4e1f-ba6d-1e449e7d328d,93edef71-49e3-4e1f-ba6d-1e449e7d328d,93edef71-49e3-4e1f-ba6d-1e449e7d328d,93edef71-49e3-4e1f-ba6d-1e449e7d328d,93edef71-49e3-4e1f-ba6d-1e449e7d328d,93edef71-49e3-4e1f-ba6d-1e449e7d328d,Stahl Feinblech (20µm bandverzinkt),Stahl - Stahl(blech) verzinkt,CL-,CL-,1,,4.1,48d3370a-9112-5977-abe6-ee4845c2b9e0,248980fe-c40c-527d-b285-4dc2c2ed30b1
Stahl Schmiedebauteil,a255934e-5461-4501-9acf-20ad1b51b044,702a41a1-d009-4c7b-9f4f-cd999f9da7de,a255934e-5461-4501-9acf-20ad1b51b044,a255934e-5461-4501-9acf-20ad1b51b044,a255934e-5461-4501-9acf-20ad1b51b044,a255934e-5461-4501-9acf-20ad1b51b044,a255934e-5461-4501-9acf-20ad1b51b044,a255934e-5461-4501-9acf-20ad1b51b044,Stahl Schmiedebauteil,"Stahl - Baustahl (zB Stahlträger,..)",CL+,CL+,1,,4.1,afeab882-09a3-5cee-b43f-feaaf2330ac3,f6aee52d-7602-555c-9b67-f300c542341d
Stahl warmgewalzte Bleche (2-20mm),531ab34f-6750-41a8-aedc-35cf4df3c8b1,467aee4d-03e3-4bf5-a916-8d279d5a5f29,531ab34f-6750-41a8-aedc-35cf4df3c8b1,531ab34f-6750-41a8-aedc-35cf4df3c8b1,531ab34f-6750-41a8-aedc-35cf4df3c8b1,531ab34f-6750-41a8-aedc-35cf4df3c8b1,531ab34f-6750-41a8-aedc-35cf4df3c8b1,531ab34f-6750-41a8-aedc-35cf4df3c8b1,Stahl warmgewalzte Bleche (2-20mm),Stahl - Stahlblech,CL+,CL+,1,,4.1,82b0b69c-c984-5828-b254-6c7e12172c26,c329a014-1eaa-5a81-b461-7a278a15edd7
Stahlprofil,38051c22-fbd1-4b0e-944a-ae348b8c7695,8b1ac41c-10ab-453f-a761-edf1a603aea6,38051c22-fbd1-4b0e-944a-ae348b8c7695,38051c22-fbd1-4b0e-944a-ae348b8c7695,38051c22-fbd1-4b0e-944a-ae348b8c7695,38051c22-fbd1-4b0e-944a-ae348b8c7695,38051c22-fbd1-4b0e-944a-ae348b8c7695,38051c22-fbd1-4b0e-944a-ae348b8c7695,Stahlprofil,"Stahl - Baustahl (zB Stahlträger,..)",CL+,CL+,1,,4.1,d58c17db-9aca-531c-be10-cdb465c570f5,f6aee52d-7602-555c-9b67-f300c542341d
"Stahlprofil verzinkt (Elektrolichtbogenroute, hoher Schrottanteil)",nicht vorhanden,ae5396d9-2952-4eae-b216-17d56758ece0,nicht vorhanden,nicht vorhanden,nicht vorhanden,nicht vorhanden,nicht vorhanden,nicht vorhanden,Stahlprofil verzinkt,Stahl - Stahl(blech) verzinkt,CL-,CL-,1,,4.1,4eb56cff-8b17-50d6-a6e2-c90c21731cf8,248980fe-c40c-527d-b285-4dc2c2ed30b1
Stahlrohr,nicht vorhanden,eeda9e75-727c-474d-8c54-3982cafe07d7,nicht vorhanden,nicht vorhanden,nicht vorhanden,nicht vorhanden,nicht vorhanden,nicht vorhanden,Stahlrohr,nicht eingestuft,n.e.,n.e.,n.e.,,8.1,2731b77a-fab1-50b8-b9e2-9bcae8ac58a8,ef961829-1f5b-52ad-a6f7-8c77cea76d5c
Stampflehmwand,59622fc0-d719-43bf-a16b-ae924ae0d276,3f9ebd47-f93e-4fee-859a-13700134ee3c,59622fc0-d719-43bf-a16b-ae924ae0d276,59622fc0-d719-43bf-a16b-ae924ae0d276,59622fc0-d719-43bf-a16b-ae924ae0d276,59622fc0-d719-43bf-a16b-ae924ae0d276,59622fc0-d719-43bf-a16b-ae924ae0d276,59622fc0-d719-43bf-a16b-ae924ae0d276,Stampflehmwand,Lehm,SV,CL+,0.75,,1.3,cd8b6215-bea0-5f61-9ed2-88930e426ce2,f6478ab5-08b2-5641-baa4-6d2d281f698d
Stampflehmwand,59622fc0-d719-43bf-a16b-ae924ae0d276,3f9ebd47-f93e-4fee-859a-13700134ee3c,59622fc0-d719-43bf-a16b-ae924ae0d276,59622fc0-d719-43bf-a16b-ae924ae0d276,59622fc0-d719-43bf-a16b-ae924ae0d276,59622fc0-d719-43bf-a16b-ae924ae0d276,59622fc0-d719-43bf-a16b-ae924ae0d276,59622fc0-d719-43bf-a16b-ae924ae0d276,Stampflehmwand mit CL-Nachweis,Lehm - Störstoffkl. S4 (Neueinstuf.),Dep+,Dep+,0.75,,1.3,dd3b7cc8-531a-5fb5-b020-7b5a099b7afd,8366f303-3ab3-5934-a966-5a6eb3beb21b
Stampflehmwand,59622fc0-d719-43bf-a16b-ae924ae0d276,3f9ebd47-f93e-4fee-859a-13700134ee3c,59622fc0-d719-43bf-a16b-ae924ae0d276,59622fc0-d719-43bf-a16b-ae924ae0d276,59622fc0-d719-43bf-a16b-ae924ae0d276,59622fc0-d719-43bf-a16b-ae924ae0d276,59622fc0-d719-43bf-a16b-ae924ae0d276,59622fc0-d719-43bf-a16b-ae924ae0d276,Stampflehmwand - Störstoffkl. S4 (Neueinstuf.),Lehm mit CL-Nachweis,CL+,CL+,1,,1.3,cf274ca5-612e-500e-87ec-d00c07132d2e,f951853f-19cc-5bc4-807f-9ccc7cae9b48
Steckdose,nicht vorhanden,4d1aa3d8-8be7-437e-ab52-84e8616a259b,nicht vorhanden,nicht vorhanden,nicht vorhanden,nicht vorhanden,nicht vorhanden,nicht vorhanden,Steckdose,nicht eingestuft,n.e.,n.e.,n.e.,,8.4,4665487c-0e5d-5976-8267-7b9c7ccf3f16,ef961829-1f5b-52ad-a6f7-8c77cea76d5c
Steinkohleflugasche,a8640bfd-5ae3-4893-bfe8-d5ab59ec8134,b4a1794e-c12f-4594-aeed-25ea1c3574a4,a8640bfd-5ae3-4893-bfe8-d5ab59ec8134,a8640bfd-5ae3-4893-bfe8-d5ab59ec8134,a8640bfd-5ae3-4893-bfe8-d5ab59ec8134,a8640bfd-5ae3-4893-bfe8-d5ab59ec8134,a8640bfd-5ae3-4893-bfe8-d5ab59ec8134,a8640bfd-5ae3-4893-bfe8-d5ab59ec8134,Steinkohleflugasche,Grundstoff nicht eingestuft,nicht eingestuft,n.e.,n.e.,n.e.,1.2,90e2ab83-fbe6-57f4-9522-6b6e8f5c7abd,71b469c3-6a93-5e60-b8f2-b24c3e39609f
Mineralwolle (Boden-Dämmung),2691d6e4-a41e-40d7-92ca-680f8785fc1d,58b1ba79-459b-4d58-bc39-91a8f98e71ba,2691d6e4-a41e-40d7-92ca-680f8785fc1d,2691d6e4-a41e-40d7-92ca-680f8785fc1d,2691d6e4-a41e-40d7-92ca-680f8785fc1d,2691d6e4-a41e-40d7-92ca-680f8785fc1d,2691d6e4-a41e-40d7-92ca-680f8785fc1d,2691d6e4-a41e-40d7-92ca-680f8785fc1d,Mineralwolle (Boden-Dämmung),Mineralwolle Steinwolle,Dep-,RC-,0.5,,2.1,2194148d-c9b9-57e9-b55e-5299378cc72a,08aa86f2-573f-5c0a-aa6f-9d39b661e252
Mineralwolle (Fassaden-Dämmung),f8afef87-5de3-4996-838c-1f2af9ef81df,4fa62445-e59f-4874-99e5-49cec91967e0,f8afef87-5de3-4996-838c-1f2af9ef81df,f8afef87-5de3-4996-838c-1f2af9ef81df,f8afef87-5de3-4996-838c-1f2af9ef81df,f8afef87-5de3-4996-838c-1f2af9ef81df,f8afef87-5de3-4996-838c-1f2af9ef81df,f8afef87-5de3-4996-838c-1f2af9ef81df,Mineralwolle (Fassaden-Dämmung),Mineralwolle Steinwolle,Dep-,RC-,0.5,,2.1,a3842d5d-15da-56bc-b90b-5889398c8171,08aa86f2-573f-5c0a-aa6f-9d39b661e252
Mineralwolle (Flachdach-Dämmung),4477c6ca-b728-41fb-a231-366e159a73df,6ef00a53-1ddc-4c60-8840-e57a860ce18b,4477c6ca-b728-41fb-a231-366e159a73df,4477c6ca-b728-41fb-a231-366e159a73df,4477c6ca-b728-41fb-a231-366e159a73df,4477c6ca-b728-41fb-a231-366e159a73df,4477c6ca-b728-41fb-a231-366e159a73df,4477c6ca-b728-41fb-a231-366e159a73df,Mineralwolle (Flachdach-Dämmung),Mineralwolle Steinwolle,Dep-,RC-,0.5,,2.1,4c649812-910d-5b56-be26-68d05431fa9c,08aa86f2-573f-5c0a-aa6f-9d39b661e252
Mineralwolle (Innenausbau-Dämmung),fafd5743-0b42-4614-8e3d-5c4eacdfba98,8808dd39-82fb-49bb-8ad3-6cb0894292ae,fafd5743-0b42-4614-8e3d-5c4eacdfba98,fafd5743-0b42-4614-8e3d-5c4eacdfba98,fafd5743-0b42-4614-8e3d-5c4eacdfba98,fafd5743-0b42-4614-8e3d-5c4eacdfba98,fafd5743-0b42-4614-8e3d-5c4eacdfba98,fafd5743-0b42-4614-8e3d-5c4eacdfba98,Mineralwolle (Innenausbau-Dämmung),Mineralwolle Steinwolle,Dep-,RC-,0.5,,2.1,74f70a64-3a9f-541e-8f38-d82e9ef0108a,08aa86f2-573f-5c0a-aa6f-9d39b661e252
Mineralwolle (Schrägdach-Dämmung),86380db6-3062-4d40-826d-732c24ed3cad,cb0c2e5b-be08-47bd-badb-77ac39ae026d,86380db6-3062-4d40-826d-732c24ed3cad,86380db6-3062-4d40-826d-732c24ed3cad,86380db6-3062-4d40-826d-732c24ed3cad,86380db6-3062-4d40-826d-732c24ed3cad,86380db6-3062-4d40-826d-732c24ed3cad,86380db6-3062-4d40-826d-732c24ed3cad,Mineralwolle (Schrägdach-Dämmung),Mineralwolle Steinwolle,Dep-,RC-,0.5,,2.1,2f2ccf58-1cc5-579a-927e-8cf5aac3791c,08aa86f2-573f-5c0a-aa6f-9d39b661e252
Steinwolle Flachdämmplatte,nicht vorhanden,be9b6d26-6284-4fe2-ae46-bf84e0f60043,nicht vorhanden,nicht vorhanden,nicht vorhanden,nicht vorhanden,nicht vorhanden,nicht vorhanden,Steinwolle Flachdämmplatte,Mineralwolle Steinwolle,Dep-,RC-,0.5,,8.1,65312c77-8aba-5163-986b-043410652120,08aa86f2-573f-5c0a-aa6f-9d39b661e252
Steinwolle Heizungsrohrschale,nicht vorhanden,026057da-e1ae-4259-8f0b-91c917c63456,nicht vorhanden,nicht vorhanden,nicht vorhanden,nicht vorhanden,nicht vorhanden,nicht vorhanden,Steinwolle Heizungsrohrschale,Mineralwolle Steinwolle,Dep-,RC-,0.5,,8.1,81b19a13-17a6-5357-991e-a87cd62b9923,08aa86f2-573f-5c0a-aa6f-9d39b661e252
Steinzeugfliesen glasiert,b4a0e610-e038-47d3-b86e-cef013cd7c83,422b43de-406b-46fa-8a87-c5d446fba399,b4a0e610-e038-47d3-b86e-cef013cd7c83,b4a0e610-e038-47d3-b86e-cef013cd7c83,b4a0e610-e038-47d3-b86e-cef013cd7c83,b4a0e610-e038-47d3-b86e-cef013cd7c83,b4a0e610-e038-47d3-b86e-cef013cd7c83,b4a0e610-e038-47d3-b86e-cef013cd7c83,Steinzeugfliesen glasiert,Keramik - Boden,RC-,RC-,1,,1.3,8180d1e9-6016-528b-a909-7bbbd33da48d,9c2a4862-2262-5934-b26c-ea2c6ee230da
Steinzeugfliesen unglasiert,bc2f9dde-f2a6-4630-bf7c-0ad3870012ef,3830f872-628b-4e3f-8370-b7c6efcfcc70,bc2f9dde-f2a6-4630-bf7c-0ad3870012ef,bc2f9dde-f2a6-4630-bf7c-0ad3870012ef,bc2f9dde-f2a6-4630-bf7c-0ad3870012ef,bc2f9dde-f2a6-4630-bf7c-0ad3870012ef,bc2f9dde-f2a6-4630-bf7c-0ad3870012ef,bc2f9dde-f2a6-4630-bf7c-0ad3870012ef,Steinzeugfliesen unglasiert,Keramik - Boden,RC-,RC-,1,,1.3,eb74d590-fdb3-5b84-a6e0-f706a9bc0b7b,9c2a4862-2262-5934-b26c-ea2c6ee230da
Steinzeugrohre DN 250,335c3c94-a981-4dbd-af2f-811e918f1b94,d69d0bdd-c003-4038-b9b1-79bceda2e956,335c3c94-a981-4dbd-af2f-811e918f1b94,335c3c94-a981-4dbd-af2f-811e918f1b94,335c3c94-a981-4dbd-af2f-811e918f1b94,335c3c94-a981-4dbd-af2f-811e918f1b94,335c3c94-a981-4dbd-af2f-811e918f1b94,335c3c94-a981-4dbd-af2f-811e918f1b94,Steinzeugrohre DN 250 nicht eingestuft,nicht eingestuft,n.e.,n.e.,n.e.,,1.3,64a47184-ffaf-5d04-8c66-8e5a859206f1,ef961829-1f5b-52ad-a6f7-8c77cea76d5c
Steinzeugrohre DN 400,b59f6603-c75b-47bb-b1f1-5336affb2acd,7d0b5f1b-9490-4eda-af7e-5f1a01cbd149,b59f6603-c75b-47bb-b1f1-5336affb2acd,b59f6603-c75b-47bb-b1f1-5336affb2acd,b59f6603-c75b-47bb-b1f1-5336affb2acd,b59f6603-c75b-47bb-b1f1-5336affb2acd,b59f6603-c75b-47bb-b1f1-5336affb2acd,b59f6603-c75b-47bb-b1f1-5336affb2acd,Steinzeugrohre DN 400 nicht eingestuft,nicht eingestuft,n.e.,n.e.,n.e.,,1.3,9d2a18f4-f425-5a91-bff7-6ccbd462c628,ef961829-1f5b-52ad-a6f7-8c77cea76d5c
Strohdämmung,nicht vorhanden,89ffc2cd-fb84-41df-9ebe-cda946ebf2bd,nicht vorhanden,nicht vorhanden,nicht vorhanden,nicht vorhanden,nicht vorhanden,nicht vorhanden,Strohdämmung,Strohballen,SV,SV,0,,,0b04d205-8892-53b2-94c2-d88b3dc0fa15,2c3a1c7d-8fd0-5da5-ae61-4e73c363db47
Strom-Wärmepumpe (Luft-Wasser) 10 kW,nicht vorhanden,00ab3cef-5d1b-48c8-a220-4f8ac01b7dd7,nicht vorhanden,nicht vorhanden,nicht vorhanden,nicht vorhanden,nicht vorhanden,nicht vorhanden,Strom-Wärmepumpe (Luft-Wasser) 10 kW,nicht eingestuft,n.e.,n.e.,n.e.,,8.1,4a19b5b8-5adc-57b6-9009-7b01da56c3f7,ef961829-1f5b-52ad-a6f7-8c77cea76d5c
Strom-Wärmepumpe (Luft-Wasser) 14 kW,nicht vorhanden,19a1a962-7b4b-45e8-8446-c82a15675925,nicht vorhanden,nicht vorhanden,nicht vorhanden,nicht vorhanden,nicht vorhanden,nicht vorhanden,Strom-Wärmepumpe (Luft-Wasser) 14 kW,nicht eingestuft,n.e.,n.e.,n.e.,,8.1,77b937f0-220f-5ad1-88d2-878e970dc925,ef961829-1f5b-52ad-a6f7-8c77cea76d5c
Strom-Wärmepumpe (Luft-Wasser) 7 kW,nicht vorhanden,d59feef8-7a26-499b-a9d8-7149b5d3de24,nicht vorhanden,nicht vorhanden,nicht vorhanden,nicht vorhanden,nicht vorhanden,nicht vorhanden,Strom-Wärmepumpe (Luft-Wasser) 7 kW,nicht eingestuft,n.e.,n.e.,n.e.,,8.1,b3e9bad9-2cc7-5324-bab5-b29aef890f08,ef961829-1f5b-52ad-a6f7-8c77cea76d5c
"Strom-Wärmepumpe (Sole-Wasser, Erdkollektor) 10 kW",nicht vorhanden,d4c60a37-2753-4f45-9bfe-4cefe31fd857,nicht vorhanden,nicht vorhanden,nicht vorhanden,nicht vorhanden,nicht vorhanden,nicht vorhanden,"Strom-Wärmepumpe (Sole-Wasser, Erdkollektor) 10 kW",nicht eingestuft,n.e.,n.e.,n.e.,,8.1,d92b15cb-23d1-5e68-be3e-46698281ae58,ef961829-1f5b-52ad-a6f7-8c77cea76d5c
"Strom-Wärmepumpe (Sole-Wasser, Erdkollektor) 20 kW",nicht vorhanden,c5dfadb5-96a0-44fb-ac93-3cd1c4786e96,nicht vorhanden,nicht vorhanden,nicht vorhanden,nicht vorhanden,nicht vorhanden,nicht vorhanden,"Strom-Wärmepumpe (Sole-Wasser, Erdkollektor) 20 kW",nicht eingestuft,n.e.,n.e.,n.e.,,8.1,d226187c-ec4d-5c42-ac13-3ac60ef71bb0,ef961829-1f5b-52ad-a6f7-8c77cea76d5c
"Strom-Wärmepumpe (Sole-Wasser, Erdkollektor) 70 kW",nicht vorhanden,4058e075-4b05-452b-b3a8-17c2378026df,nicht vorhanden,nicht vorhanden,nicht vorhanden,nicht vorhanden,nicht vorhanden,nicht vorhanden,"Strom-Wärmepumpe (Sole-Wasser, Erdkollektor) 70 kW",nicht eingestuft,n.e.,n.e.,n.e.,,8.1,45bf56f3-7bff-5c46-a5d5-8d3a3a1dab5b,ef961829-1f5b-52ad-a6f7-8c77cea76d5c
"Strom-Wärmepumpe (Sole-Wasser, Erdsonde) 10 kW",nicht vorhanden,d939cdd6-98eb-4fcd-9e30-c77ded7a5399,nicht vorhanden,nicht vorhanden,nicht vorhanden,nicht vorhanden,nicht vorhanden,nicht vorhanden,"Strom-Wärmepumpe (Sole-Wasser, Erdsonde) 10 kW",nicht eingestuft,n.e.,n.e.,n.e.,,8.1,465e9d60-0aa0-5af7-b70d-2ca3c4901ffe,ef961829-1f5b-52ad-a6f7-8c77cea76d5c
"Strom-Wärmepumpe (Sole-Wasser, Erdsonde) 20 kW",nicht vorhanden,37ca01de-bb46-4648-a937-7ac200da6142,nicht vorhanden,nicht vorhanden,nicht vorhanden,nicht vorhanden,nicht vorhanden,nicht vorhanden,"Strom-Wärmepumpe (Sole-Wasser, Erdsonde) 20 kW",nicht eingestuft,n.e.,n.e.,n.e.,,8.1,18a6ffd7-1711-55a3-a687-86d84a558b0e,ef961829-1f5b-52ad-a6f7-8c77cea76d5c
"Strom-Wärmepumpe (Sole-Wasser, Erdsonde) 70 kW",nicht vorhanden,c31b821c-214e-4f6f-894f-5f524949e51d,nicht vorhanden,nicht vorhanden,nicht vorhanden,nicht vorhanden,nicht vorhanden,nicht vorhanden,"Strom-Wärmepumpe (Sole-Wasser, Erdsonde) 70 kW",nicht eingestuft,n.e.,n.e.,n.e.,,8.1,ba4d9872-1467-5c16-a4ed-3f2e5022008e,ef961829-1f5b-52ad-a6f7-8c77cea76d5c
Strom-Wärmepumpe (Wasser-Wasser) 10 kW,nicht vorhanden,5b4acb87-0a01-41d7-85a6-213dec526682,nicht vorhanden,nicht vorhanden,nicht vorhanden,nicht vorhanden,nicht vorhanden,nicht vorhanden,Strom-Wärmepumpe (Wasser-Wasser) 10 kW,nicht eingestuft,n.e.,n.e.,n.e.,,8.1,adf1acfa-46d2-5ad0-b6c4-8e53a7085cf8,ef961829-1f5b-52ad-a6f7-8c77cea76d5c
Strom-Wärmepumpe (Wasser-Wasser) 20 kW,nicht vorhanden,0cfcc4ad-1469-458b-a842-b65af7af3e85,nicht vorhanden,nicht vorhanden,nicht vorhanden,nicht vorhanden,nicht vorhanden,nicht vorhanden,Strom-Wärmepumpe (Wasser-Wasser) 20 kW,nicht eingestuft,n.e.,n.e.,n.e.,,8.1,5ec61a61-5dcd-5e41-857a-e09b1a23801a,ef961829-1f5b-52ad-a6f7-8c77cea76d5c
Strom-Wärmepumpe (Wasser-Wasser) 70 kW,nicht vorhanden,9dcaae24-3f7b-45e6-8318-50ff94ef693f,nicht vorhanden,nicht vorhanden,nicht vorhanden,nicht vorhanden,nicht vorhanden,nicht vorhanden,Strom-Wärmepumpe (Wasser-Wasser) 70 kW,nicht eingestuft,n.e.,n.e.,n.e.,,8.1,efa419dd-be86-5a78-963c-e53d73bc79f7,ef961829-1f5b-52ad-a6f7-8c77cea76d5c
Tetrafluorethan (R134a),nicht vorhanden,6af11f95-8ce6-4226-876b-7e14d486e5ec,nicht vorhanden,nicht vorhanden,nicht vorhanden,nicht vorhanden,nicht vorhanden,nicht vorhanden,Tetrafluorethan (R134a),nicht eingestuft,n.e.,n.e.,n.e.,,8.2,25f3d8ff-080a-50df-8dc8-e19bee075452,ef961829-1f5b-52ad-a6f7-8c77cea76d5c
Tetrafluorpropen (R1234ze),nicht vorhanden,570bfed7-c3e0-4dd0-acd1-c23d32070edb,nicht vorhanden,nicht vorhanden,nicht vorhanden,nicht vorhanden,nicht vorhanden,nicht vorhanden,Tetrafluorpropen (R1234ze),nicht eingestuft,n.e.,n.e.,n.e.,,8.2,f6ce2037-487a-598a-9707-e98a93bfbc7f,ef961829-1f5b-52ad-a6f7-8c77cea76d5c
"Teppichboden (mehrschichtiges Nadelvlies, 1400 g/m²)",76ab64f6-6d08-4b67-8cd7-13d26e68d95a,de899441-c205-4d7d-81db-89366a4fa01a,76ab64f6-6d08-4b67-8cd7-13d26e68d95a,76ab64f6-6d08-4b67-8cd7-13d26e68d95a,76ab64f6-6d08-4b67-8cd7-13d26e68d95a,76ab64f6-6d08-4b67-8cd7-13d26e68d95a,76ab64f6-6d08-4b67-8cd7-13d26e68d95a,76ab64f6-6d08-4b67-8cd7-13d26e68d95a,"Textile Fußbodenbeläge mehrschichtiges Nadelvlies (Teppichboden, 1400 g/m²)",Bodenbelag textil 100 % synthetisch,EV-,EV-,0,,6.2,738905ee-55c3-5ab9-932c-a69f84fae9c7,fe24b5ed-353e-5355-ac7b-a083a4e18f87
"Thermisch behandeltes Holz (1 m3, 409 kg/m3)",nicht vorhanden,1d2b97ed-0f6f-4a6a-acd5-ea13ff23d893,nicht vorhanden,nicht vorhanden,nicht vorhanden,nicht vorhanden,nicht vorhanden,nicht vorhanden,Thermisch behandeltes Holz,Holz - therm. Behandelt,EV+,EV+,0,,3.5,db02a845-4084-582b-846f-d85ba2dee2db,e0bca233-0ee7-53d2-9efc-b13a9ae19424
Tragdeckschicht,d84cbf6a-0a50-426f-aa3d-c45918b43575,24d554b6-a720-45a3-b80d-17a46e612f26,d84cbf6a-0a50-426f-aa3d-c45918b43575,d84cbf6a-0a50-426f-aa3d-c45918b43575,d84cbf6a-0a50-426f-aa3d-c45918b43575,d84cbf6a-0a50-426f-aa3d-c45918b43575,d84cbf6a-0a50-426f-aa3d-c45918b43575,d84cbf6a-0a50-426f-aa3d-c45918b43575,Tragdeckschicht  Beton,Beton Standard (ohne Bewehr.),RC+,RC+,1,,1.5,a89ca6c2-471e-52a5-967f-8eb6dd506a6e,4b383842-2941-5c02-8d90-1ee95598cf55
Tragdeckschicht,d84cbf6a-0a50-426f-aa3d-c45918b43575,24d554b6-a720-45a3-b80d-17a46e612f26,d84cbf6a-0a50-426f-aa3d-c45918b43575,d84cbf6a-0a50-426f-aa3d-c45918b43575,d84cbf6a-0a50-426f-aa3d-c45918b43575,d84cbf6a-0a50-426f-aa3d-c45918b43575,d84cbf6a-0a50-426f-aa3d-c45918b43575,d84cbf6a-0a50-426f-aa3d-c45918b43575,Tragdeckschicht  Beton - Störstoffkl. S4 (Neueinstuf.),Beton - Störstoffkl. S4 (ohne Bewehr.),SV,RC-,0.75,,1.5,654051cd-6dda-5e4b-8f76-4a277734a0f6,4cca7b75-849e-59f9-b1e3-6efde0e7c9aa
Tragende Wärmedämmelemente,nicht vorhanden,cc00224b-2ff6-4377-b518-c663039d6a4a,nicht vorhanden,nicht vorhanden,nicht vorhanden,nicht vorhanden,nicht vorhanden,nicht vorhanden,Tragende Wärmedämmelemente,nicht eingestuft,n.e.,n.e.,n.e.,,,0e844995-2b2c-5164-b35a-bb35d83bb9cf,ef961829-1f5b-52ad-a6f7-8c77cea76d5c
Transparente Platten PC,222023f8-36c2-4345-a863-b49828a41e96,690ebc5b-80ad-47c3-8d26-8db3504c7d81,222023f8-36c2-4345-a863-b49828a41e96,222023f8-36c2-4345-a863-b49828a41e96,222023f8-36c2-4345-a863-b49828a41e96,222023f8-36c2-4345-a863-b49828a41e96,222023f8-36c2-4345-a863-b49828a41e96,222023f8-36c2-4345-a863-b49828a41e96,Transparente Platten PC,KSTPlatte (zB transparente Platten),EV-,EV-,0,,6.5,6f71bb25-b06b-5c4f-87a2-f79c558e6bc8,ef460910-7fa5-5c82-a056-6b6068ad0860
"Transparente Platten PMMA, extrudiert",41b8a86d-5d44-49fb-a9b8-de2a9041f1fd,eda737e1-1012-4324-aff5-d070800468ab,41b8a86d-5d44-49fb-a9b8-de2a9041f1fd,41b8a86d-5d44-49fb-a9b8-de2a9041f1fd,41b8a86d-5d44-49fb-a9b8-de2a9041f1fd,41b8a86d-5d44-49fb-a9b8-de2a9041f1fd,41b8a86d-5d44-49fb-a9b8-de2a9041f1fd,41b8a86d-5d44-49fb-a9b8-de2a9041f1fd,"Transparente Platten PMMA, extrudiert",KSTPlatte (zB transparente Platten),EV-,EV-,0,,6.5,ac4dbfb0-aa4b-52e3-bc5e-84c5c6cfd5cd,ef460910-7fa5-5c82-a056-6b6068ad0860
"Transparente Platten PMMA, gegossen",795ab193-fc50-463d-a5f8-e37d5336ee78,73f1bfa7-c79e-4129-bf1a-eee28cc3c85f,795ab193-fc50-463d-a5f8-e37d5336ee78,795ab193-fc50-463d-a5f8-e37d5336ee78,795ab193-fc50-463d-a5f8-e37d5336ee78,795ab193-fc50-463d-a5f8-e37d5336ee78,795ab193-fc50-463d-a5f8-e37d5336ee78,795ab193-fc50-463d-a5f8-e37d5336ee78,"Transparente Platten PMMA, gegossen",KSTPlatte (zB transparente Platten),EV-,EV-,0,,6.5,56ce485b-42ee-5598-862d-041b5bc66e02,ef460910-7fa5-5c82-a056-6b6068ad0860
Transparente Platten PVC,5a88b96e-23d0-4656-9ee2-fc271c89c95b,4a2a46c8-b646-4cf5-b2d7-72c2c1a27fae,5a88b96e-23d0-4656-9ee2-fc271c89c95b,5a88b96e-23d0-4656-9ee2-fc271c89c95b,5a88b96e-23d0-4656-9ee2-fc271c89c95b,5a88b96e-23d0-4656-9ee2-fc271c89c95b,5a88b96e-23d0-4656-9ee2-fc271c89c95b,5a88b96e-23d0-4656-9ee2-fc271c89c95b,Transparente Platten PVC,PVC hart,SV,SV,0,,6.5,81431c32-5138-5953-b471-0ca3a80706ea,ea5dbded-5c1b-5d58-acb1-01de359273cc
Transportbeton C20/25,9702d9ab-2af2-4fdc-9d99-225583a9ffb7,923e1c71-f172-4902-a5f5-c4a1e8a773bc,9702d9ab-2af2-4fdc-9d99-225583a9ffb7,9702d9ab-2af2-4fdc-9d99-225583a9ffb7,9702d9ab-2af2-4fdc-9d99-225583a9ffb7,9702d9ab-2af2-4fdc-9d99-225583a9ffb7,9702d9ab-2af2-4fdc-9d99-225583a9ffb7,9702d9ab-2af2-4fdc-9d99-225583a9ffb7,"Transportbeton C20/25 - exkl. Bewehrung, Standard EoL",Beton Standard (ohne Bewehr.),RC+,RC+,1,,1.4,431d98e2-adf0-5eb1-a8aa-dfea1268307f,4b383842-2941-5c02-8d90-1ee95598cf55
Transportbeton C20/25,9702d9ab-2af2-4fdc-9d99-225583a9ffb7,923e1c71-f172-4902-a5f5-c4a1e8a773bc,9702d9ab-2af2-4fdc-9d99-225583a9ffb7,9702d9ab-2af2-4fdc-9d99-225583a9ffb7,9702d9ab-2af2-4fdc-9d99-225583a9ffb7,9702d9ab-2af2-4fdc-9d99-225583a9ffb7,9702d9ab-2af2-4fdc-9d99-225583a9ffb7,9702d9ab-2af2-4fdc-9d99-225583a9ffb7,"Transportbeton C20/25 - exkl. Bewehrung, Störst.kl. S4 (Neueinstufung)",Beton - Störstoffkl. S4 (ohne Bewehr.),SV,RC-,0.75,,1.4,d3ca9f79-1829-5d75-94d2-3ef7168d53df,4cca7b75-849e-59f9-b1e3-6efde0e7c9aa
Transportbeton C25/30,nicht vorhanden,d2ae1721-bb2a-4386-9d9f-abb1c774b0a8,nicht vorhanden,nicht vorhanden,nicht vorhanden,nicht vorhanden,nicht vorhanden,nicht vorhanden,"Transportbeton C25/30 - exkl. Bewehrung, Standard EoL",Beton Standard (ohne Bewehr.),RC+,RC+,1,,1.4,4e2253de-61f8-5c1b-82a2-a260bfb0090d,4b383842-2941-5c02-8d90-1ee95598cf55
Transportbeton C25/30,nicht vorhanden,d2ae1721-bb2a-4386-9d9f-abb1c774b0a8,nicht vorhanden,nicht vorhanden,nicht vorhanden,nicht vorhanden,nicht vorhanden,nicht vorhanden,"Transportbeton C25/30 - exkl. Bewehrung, Störst.kl. S4 (Neueinstufung)",Beton - Störstoffkl. S4 (ohne Bewehr.),SV,RC-,0.75,,1.4,57e4067b-06c6-5eee-946f-8738bcbe25a6,4cca7b75-849e-59f9-b1e3-6efde0e7c9aa
Transportbeton C30/37,a758fb6a-7fb1-4cdc-b652-c42cf2f7632c,258b377e-ec3b-4e8c-b3fd-dda1eb370f7d,a758fb6a-7fb1-4cdc-b652-c42cf2f7632c,a758fb6a-7fb1-4cdc-b652-c42cf2f7632c,a758fb6a-7fb1-4cdc-b652-c42cf2f7632c,a758fb6a-7fb1-4cdc-b652-c42cf2f7632c,a758fb6a-7fb1-4cdc-b652-c42cf2f7632c,a758fb6a-7fb1-4cdc-b652-c42cf2f7632c,"Transportbeton C30/37 - exkl. Bewehrung, Standard EoL",Beton Standard (ohne Bewehr.),RC+,RC+,1,,1.4,3f89260f-d2be-5855-9fca-a2c9816275f8,4b383842-2941-5c02-8d90-1ee95598cf55
Transportbeton C30/37,a758fb6a-7fb1-4cdc-b652-c42cf2f7632c,258b377e-ec3b-4e8c-b3fd-dda1eb370f7d,a758fb6a-7fb1-4cdc-b652-c42cf2f7632c,a758fb6a-7fb1-4cdc-b652-c42cf2f7632c,a758fb6a-7fb1-4cdc-b652-c42cf2f7632c,a758fb6a-7fb1-4cdc-b652-c42cf2f7632c,a758fb6a-7fb1-4cdc-b652-c42cf2f7632c,a758fb6a-7fb1-4cdc-b652-c42cf2f7632c,"Transportbeton C30/37 - exkl. Bewehrung, Störst.kl. S4 (Neueinstufung)",Beton - Störstoffkl. S4 (ohne Bewehr.),SV,RC-,0.75,,1.4,ac5d6de7-f646-5aef-9ccd-77e844dc76a6,4cca7b75-849e-59f9-b1e3-6efde0e7c9aa
Transportbeton C50/60,nicht vorhanden,079ed601-8b92-49cd-9c09-ab8e067366cf,nicht vorhanden,nicht vorhanden,nicht vorhanden,nicht vorhanden,nicht vorhanden,nicht vorhanden,"Transportbeton C50/60 - exkl. Bewehrung, Standard EoL",Beton Standard (ohne Bewehr.),RC+,RC+,1,,1.4,57a08ee6-0749-53cf-904a-33bb164a7955,4b383842-2941-5c02-8d90-1ee95598cf55
Transportbeton C50/60,nicht vorhanden,079ed601-8b92-49cd-9c09-ab8e067366cf,nicht vorhanden,nicht vorhanden,nicht vorhanden,nicht vorhanden,nicht vorhanden,nicht vorhanden,"Transportbeton C50/60 - exkl. Bewehrung, Störst.kl. S4 (Neueinstufung)",Beton - Störstoffkl. S4 (ohne Bewehr.),SV,RC-,0.75,,1.4,74a12665-258a-5723-a015-638f20c53ef9,4cca7b75-849e-59f9-b1e3-6efde0e7c9aa
Trinkwasser,nicht vorhanden,eda13669-a0e3-4c7c-a56e-8d940106ad96,nicht vorhanden,nicht vorhanden,nicht vorhanden,nicht vorhanden,nicht vorhanden,nicht vorhanden,Trinkwasser,nicht eingestuft,n.e.,n.e.,n.e.,,9.2,e88c8ed6-580f-59eb-9eaa-0456aad1f85c,ef961829-1f5b-52ad-a6f7-8c77cea76d5c
Trinkwasserrohr PB,45db3c26-a316-4ba7-ade5-6adc43c71118,5cddd8d6-f777-4c55-99c4-7f8cb9f23a75,45db3c26-a316-4ba7-ade5-6adc43c71118,45db3c26-a316-4ba7-ade5-6adc43c71118,45db3c26-a316-4ba7-ade5-6adc43c71118,45db3c26-a316-4ba7-ade5-6adc43c71118,45db3c26-a316-4ba7-ade5-6adc43c71118,45db3c26-a316-4ba7-ade5-6adc43c71118,"Trinkwasserrohr PB, nicht eingestuft",nicht eingestuft,n.e.,n.e.,n.e.,,6.1,736a285d-61a2-5146-b034-180f5ec6c8c5,ef961829-1f5b-52ad-a6f7-8c77cea76d5c
Trinkwasserrohr PE-X,9d623359-570b-40ca-8875-60dea3687846,a55d07bf-ce4b-427b-ab45-e4e1356c839b,9d623359-570b-40ca-8875-60dea3687846,9d623359-570b-40ca-8875-60dea3687846,9d623359-570b-40ca-8875-60dea3687846,9d623359-570b-40ca-8875-60dea3687846,9d623359-570b-40ca-8875-60dea3687846,9d623359-570b-40ca-8875-60dea3687846,"Trinkwasserrohr PE-X, nicht eingestuft",nicht eingestuft,n.e.,n.e.,n.e.,,6.1,3604f538-85f4-521c-b9c0-99fe306cf975,ef961829-1f5b-52ad-a6f7-8c77cea76d5c
Trinkwasserrohr PE-X-Alu,4c33a250-3979-4e5f-9a7c-0d351085da22,c9d466d3-d5cb-4be6-9ae3-609212c4438a,4c33a250-3979-4e5f-9a7c-0d351085da22,4c33a250-3979-4e5f-9a7c-0d351085da22,4c33a250-3979-4e5f-9a7c-0d351085da22,4c33a250-3979-4e5f-9a7c-0d351085da22,4c33a250-3979-4e5f-9a7c-0d351085da22,4c33a250-3979-4e5f-9a7c-0d351085da22,"Trinkwasserrohr PE-X-Alu, nicht eingestuft",nicht eingestuft,n.e.,n.e.,n.e.,,6.1,2f3278bb-bb89-5d59-8ac8-6cbf0be0427c,ef961829-1f5b-52ad-a6f7-8c77cea76d5c
Trinkwasserrohre PE X-Alu-PE X,47165a1f-51e3-4612-b076-facd01e3b236,fc1c6f12-1e04-4c51-9836-81a4d7743528,47165a1f-51e3-4612-b076-facd01e3b236,47165a1f-51e3-4612-b076-facd01e3b236,47165a1f-51e3-4612-b076-facd01e3b236,47165a1f-51e3-4612-b076-facd01e3b236,47165a1f-51e3-4612-b076-facd01e3b236,47165a1f-51e3-4612-b076-facd01e3b236,"Trinkwasserrohre PE X-Alu-PE X, nicht eingestuft",nicht eingestuft,n.e.,n.e.,n.e.,,6.1,1dce50ce-4986-501d-8594-cee101e01be0,ef961829-1f5b-52ad-a6f7-8c77cea76d5c
"Trockenestrich (Gipsfaserplatte, 25 mm)",a9a79b38-dc2c-4b51-a3cc-cf9fa0d299e7,3ef401d0-e1fc-4ff3-bf94-a3ee6a460fdf,a9a79b38-dc2c-4b51-a3cc-cf9fa0d299e7,a9a79b38-dc2c-4b51-a3cc-cf9fa0d299e7,a9a79b38-dc2c-4b51-a3cc-cf9fa0d299e7,a9a79b38-dc2c-4b51-a3cc-cf9fa0d299e7,a9a79b38-dc2c-4b51-a3cc-cf9fa0d299e7,a9a79b38-dc2c-4b51-a3cc-cf9fa0d299e7,Trockenestrich (Gipsfaserplatte),Gipsfaser,Dep+,RC-,0.25,,1.3,9f5881ac-feec-5396-b51f-fcc851a9858b,1f76f82c-c24f-5794-b0e9-664256a29607
"Trockenestrich (Gipskartonplatte, 25 mm)",ab574186-139f-4816-b7c1-d457b1258c7d,93a02bbc-e268-4d2f-a8c4-7cda473b7eab,ab574186-139f-4816-b7c1-d457b1258c7d,ab574186-139f-4816-b7c1-d457b1258c7d,ab574186-139f-4816-b7c1-d457b1258c7d,ab574186-139f-4816-b7c1-d457b1258c7d,ab574186-139f-4816-b7c1-d457b1258c7d,ab574186-139f-4816-b7c1-d457b1258c7d,Trockenestrich (Gipskartonplatte),Gipsplatte,Dep+,CL+,0.75,,1.3,67712f8b-e245-5373-b5df-7a80b0a25af3,7ce7f671-bb8e-57b7-aa14-9f1d0403e204
Übergabestation Fernwärme,nicht vorhanden,89956dbd-9cd4-4698-8e06-e7292f543246,nicht vorhanden,nicht vorhanden,nicht vorhanden,nicht vorhanden,nicht vorhanden,nicht vorhanden,Übergabestation Fernwärme,nicht eingestuft,n.e.,n.e.,n.e.,,8.1,cd85cfe2-71cd-59d9-8799-8d82c7f99922,ef961829-1f5b-52ad-a6f7-8c77cea76d5c
Umwälzpumpe < 50W,nicht vorhanden,b28fcab6-a377-47bc-b013-246866b07283,nicht vorhanden,nicht vorhanden,nicht vorhanden,nicht vorhanden,nicht vorhanden,nicht vorhanden,Umwälzpumpe < 50W,nicht eingestuft,n.e.,n.e.,n.e.,,8.1,be9cc53c-375e-5c0f-8b78-a693f06ffc44,ef961829-1f5b-52ad-a6f7-8c77cea76d5c
Umwälzpumpe 250-1000W,nicht vorhanden,5b5ed926-7052-48d3-a6b8-9039c04f5036,nicht vorhanden,nicht vorhanden,nicht vorhanden,nicht vorhanden,nicht vorhanden,nicht vorhanden,Umwälzpumpe 250-1000W,nicht eingestuft,n.e.,n.e.,n.e.,,8.1,b17444bc-7e42-57e8-b0f2-947f0ea7a5b1,ef961829-1f5b-52ad-a6f7-8c77cea76d5c
Umwälzpumpe 50-250W,nicht vorhanden,700c0c68-8aec-48b8-a276-aa60a01babda,nicht vorhanden,nicht vorhanden,nicht vorhanden,nicht vorhanden,nicht vorhanden,nicht vorhanden,Umwälzpumpe 50-250W,nicht eingestuft,n.e.,n.e.,n.e.,,8.1,678b93cc-28ae-5dd1-a4e5-28474417e4d2,ef961829-1f5b-52ad-a6f7-8c77cea76d5c
Unterspannbahn PE gewebeverstärkt,66a90b47-27b8-46ce-830e-8ed22f4165d8,e1a3feae-f090-41d7-8697-dfd5b28e0607,66a90b47-27b8-46ce-830e-8ed22f4165d8,66a90b47-27b8-46ce-830e-8ed22f4165d8,66a90b47-27b8-46ce-830e-8ed22f4165d8,66a90b47-27b8-46ce-830e-8ed22f4165d8,66a90b47-27b8-46ce-830e-8ed22f4165d8,66a90b47-27b8-46ce-830e-8ed22f4165d8,Unterspannbahn PE gewebeverstärkt,KSTBahn,EV-,EV-,0,,6.6,91d3916f-3126-5778-ac72-27496fc80d98,86ed5129-3add-5340-b23e-868c6cf8eb9b
Unterspannbahn PP,deb7fe73-3eb8-4f80-937b-7ce3a0a977ed,9c355da1-8e97-448e-b66b-10e04316bf20,deb7fe73-3eb8-4f80-937b-7ce3a0a977ed,deb7fe73-3eb8-4f80-937b-7ce3a0a977ed,deb7fe73-3eb8-4f80-937b-7ce3a0a977ed,deb7fe73-3eb8-4f80-937b-7ce3a0a977ed,deb7fe73-3eb8-4f80-937b-7ce3a0a977ed,deb7fe73-3eb8-4f80-937b-7ce3a0a977ed,Unterspannbahn PP,KSTBahn,EV-,EV-,0,,6.6,03de90e8-a30d-5d8d-881b-3ef75a87dfce,86ed5129-3add-5340-b23e-868c6cf8eb9b
Unterspannbahn PUR auf PET-Vlies,a92bd5a5-7cef-4050-8659-20a8d5a7a72b,d4dc2df9-deda-4b02-bb0d-952ce44d2fe6,a92bd5a5-7cef-4050-8659-20a8d5a7a72b,a92bd5a5-7cef-4050-8659-20a8d5a7a72b,a92bd5a5-7cef-4050-8659-20a8d5a7a72b,a92bd5a5-7cef-4050-8659-20a8d5a7a72b,a92bd5a5-7cef-4050-8659-20a8d5a7a72b,a92bd5a5-7cef-4050-8659-20a8d5a7a72b,Unterspannbahn PUR auf PET-Vlies,KSTBahn,EV-,EV-,0,,6.6,61c6a728-c898-5ffa-a3d8-61f492c08e55,86ed5129-3add-5340-b23e-868c6cf8eb9b
"Vakuum-Isolations-Paneel (VIP), unkaschiert",nicht vorhanden,1a6a306b-6c9f-4953-9bdf-2617a11e4d37,nicht vorhanden,nicht vorhanden,nicht vorhanden,nicht vorhanden,nicht vorhanden,nicht vorhanden,"Vakuum-Isolations-Paneel (VIP), unkaschiert",VIP,Dep+,Dep+,1,,,df78c3a3-1997-5c53-9922-c778ae9a160b,a73b8c12-12a1-550c-b60d-28b25ca4e5c7
Vegetationssubstrat,5cc8769c-da1b-4967-bb4d-c8fe7b4c359d,4673fe2d-2d7b-40f6-906b-269fd056236e,5cc8769c-da1b-4967-bb4d-c8fe7b4c359d,5cc8769c-da1b-4967-bb4d-c8fe7b4c359d,5cc8769c-da1b-4967-bb4d-c8fe7b4c359d,5cc8769c-da1b-4967-bb4d-c8fe7b4c359d,5cc8769c-da1b-4967-bb4d-c8fe7b4c359d,5cc8769c-da1b-4967-bb4d-c8fe7b4c359d,Vegetationssubstrat,Substrat,CL+,CL+,1,,1.3,e629af56-ac21-527a-b1d7-ecbcfb3a9faa,3214bc20-8c19-58f5-92f8-4070dc12c779
Voranstrich (Silikat-Dispersion),85c41389-d62e-4dff-a819-896b35367cbc,d6dc8844-4d8a-4abe-8ce9-db39c965f5bf,85c41389-d62e-4dff-a819-896b35367cbc,85c41389-d62e-4dff-a819-896b35367cbc,85c41389-d62e-4dff-a819-896b35367cbc,85c41389-d62e-4dff-a819-896b35367cbc,85c41389-d62e-4dff-a819-896b35367cbc,85c41389-d62e-4dff-a819-896b35367cbc,Voranstrich (Silikat-Dispersion),"Farben, sonstige Beschichtungen (mineral. Untergrund)",Dep+,Dep+,0,,1.4,1969a30b-d958-58c3-98dc-872ab123fe73,b874be88-9088-5f9c-aec5-dd2971df09b3
Voranstrich (Silikonharz),nicht vorhanden,8ad88978-affe-46c4-9e69-73a886779876,nicht vorhanden,nicht vorhanden,nicht vorhanden,nicht vorhanden,nicht vorhanden,nicht vorhanden,Voranstrich (Silikonharz),"Farben, sonstige Beschichtungen (mineral. Untergrund)",Dep+,Dep+,0,,1.4,2ffa3607-c0e9-52ff-839f-b7881e7f213f,b874be88-9088-5f9c-aec5-dd2971df09b3
Vormauerziegel,f74a19da-df9a-4462-a632-3b3dc83377b1,34303fdd-b939-450a-9ca5-269773fc9d4d,f74a19da-df9a-4462-a632-3b3dc83377b1,f74a19da-df9a-4462-a632-3b3dc83377b1,f74a19da-df9a-4462-a632-3b3dc83377b1,f74a19da-df9a-4462-a632-3b3dc83377b1,f74a19da-df9a-4462-a632-3b3dc83377b1,f74a19da-df9a-4462-a632-3b3dc83377b1,Vormauerziegel (ohne Mörtel),"Ziegel - Vormauer, Vollziegel",RC+,RC+,1,,1.3,4c96d6ca-c428-50b0-94a6-620c29d9cff6,bdba94fd-8737-59ad-91af-ba442acdf503
Vorschaltgerät EVG,nicht vorhanden,9a83d59d-08c0-4b96-8b4e-4f8bc894d58c,nicht vorhanden,nicht vorhanden,nicht vorhanden,nicht vorhanden,nicht vorhanden,nicht vorhanden,Vorschaltgerät EVG,nicht eingestuft,n.e.,n.e.,n.e.,,8.4,10fedb16-0e7f-5040-854c-9d8757bfeed1,ef961829-1f5b-52ad-a6f7-8c77cea76d5c
Vorschaltgerät VVG,nicht vorhanden,68c707ce-5b1b-4d7d-b21b-731bc8aaf0d1,nicht vorhanden,nicht vorhanden,nicht vorhanden,nicht vorhanden,nicht vorhanden,nicht vorhanden,Vorschaltgerät VVG,nicht eingestuft,n.e.,n.e.,n.e.,,8.4,3051eddf-34ef-568a-bd86-7f42ceaa0928,ef961829-1f5b-52ad-a6f7-8c77cea76d5c
Wannenleuchte (Feuchtraum) T8-36W (LFL),nicht vorhanden,1859ec2f-ff4c-4ac4-875e-dd1667cba59a,nicht vorhanden,nicht vorhanden,nicht vorhanden,nicht vorhanden,nicht vorhanden,nicht vorhanden,Wannenleuchte (Feuchtraum) T8-36W (LFL),nicht eingestuft,n.e.,n.e.,n.e.,,8.4,e80e1c5b-e522-5605-befb-a6146e86eebe,ef961829-1f5b-52ad-a6f7-8c77cea76d5c
Waschbims,2603f11f-509b-4bf2-910e-2fd358c16ff3,d1c2e94a-6ff8-49c2-ae89-ccb6a0f28938,2603f11f-509b-4bf2-910e-2fd358c16ff3,2603f11f-509b-4bf2-910e-2fd358c16ff3,2603f11f-509b-4bf2-910e-2fd358c16ff3,2603f11f-509b-4bf2-910e-2fd358c16ff3,2603f11f-509b-4bf2-910e-2fd358c16ff3,2603f11f-509b-4bf2-910e-2fd358c16ff3,Waschbims,Bims / Blähschüttung,Dep+,RC+,0.75,,1.2,c3bc1a75-fd7c-53f4-8a30-fde4de641b3e,e0500551-6a94-5df0-a516-47a96d4da56c
"Wasserdichte, flexible Schutzschicht unter keramischen Belägen in Duschen u Bäden",nicht vorhanden,58721f56-ae5c-453f-8074-3cefc87403c1,nicht vorhanden,nicht vorhanden,nicht vorhanden,nicht vorhanden,nicht vorhanden,nicht vorhanden,"Wasserdichte, flexible Schutzschicht unter keramischen Belägen in Duschen u Bäden","Farben, sonstige Beschichtungen (mineral. Untergrund)",Dep+,Dep+,0,,,32c2a745-6487-5b5b-8b50-b4f9dfad4649,b874be88-9088-5f9c-aec5-dd2971df09b3
Wasserlack weiß,0f072f06-faa5-466e-970c-a7215685f5a2,3ec35876-5628-4749-a50c-f96e02a7e09e,0f072f06-faa5-466e-970c-a7215685f5a2,0f072f06-faa5-466e-970c-a7215685f5a2,0f072f06-faa5-466e-970c-a7215685f5a2,0f072f06-faa5-466e-970c-a7215685f5a2,0f072f06-faa5-466e-970c-a7215685f5a2,0f072f06-faa5-466e-970c-a7215685f5a2,Wasserlack weiß,Lacke (auf Holzuntergrund),EV-,EV-,0,,5.6,8b7cccc9-6f3b-5453-a6fc-f80039677cd2,7a95c29f-5b21-5f8b-a98c-081cc92b1ab8
WC Sitz/Deckel (Duroplast),nicht vorhanden,6ec85308-cc64-4db8-9e28-1067be4c56d6,nicht vorhanden,nicht vorhanden,nicht vorhanden,nicht vorhanden,nicht vorhanden,nicht vorhanden,WC Sitz/Deckel (Duroplast),nicht eingestuft,n.e.,n.e.,n.e.,,8.3,1eddf3cb-e223-5652-82b1-a615f9dbe57d,ef961829-1f5b-52ad-a6f7-8c77cea76d5c
WDVS EPS mit Schienenbefestigung,nicht vorhanden,1c8141cb-84f5-4ee9-95e4-cf83e754cc2f,nicht vorhanden,nicht vorhanden,nicht vorhanden,nicht vorhanden,nicht vorhanden,nicht vorhanden,WDVS EPS mit Schienenbefestigung,nicht eingestuft,n.e.,n.e.,n.e.,,,69c139f9-02ac-53c3-aa89-7a547adc2f84,ef961829-1f5b-52ad-a6f7-8c77cea76d5c
WDVS Verklebung und Beschichtung Dekorputz mineralisch,49fe2b06-ea9c-4cef-b0a1-a75fd1ed6bf8,f873f2a7-560a-410c-97e7-dfe121134b26,49fe2b06-ea9c-4cef-b0a1-a75fd1ed6bf8,49fe2b06-ea9c-4cef-b0a1-a75fd1ed6bf8,49fe2b06-ea9c-4cef-b0a1-a75fd1ed6bf8,49fe2b06-ea9c-4cef-b0a1-a75fd1ed6bf8,49fe2b06-ea9c-4cef-b0a1-a75fd1ed6bf8,49fe2b06-ea9c-4cef-b0a1-a75fd1ed6bf8,WDVS Verklebung und Beschichtung Dekorputz mineralisch,WDVS - Putz etc.,Dep-,Dep-,0,,2.21,6dcd3682-c317-5932-96b9-c1d463e8be07,d94ae704-584d-5d54-b209-c4be2f6a0187
WDVS Verklebung und Beschichtung Kratzputz mineralisch,e5cd5727-a516-4081-8fdf-4fc0ce142d90,8dec64ad-430f-4c96-bae1-e46814af2b70,e5cd5727-a516-4081-8fdf-4fc0ce142d90,e5cd5727-a516-4081-8fdf-4fc0ce142d90,e5cd5727-a516-4081-8fdf-4fc0ce142d90,e5cd5727-a516-4081-8fdf-4fc0ce142d90,e5cd5727-a516-4081-8fdf-4fc0ce142d90,e5cd5727-a516-4081-8fdf-4fc0ce142d90,WDVS Verklebung und Beschichtung Kratzputz mineralisch,WDVS - Putz etc.,Dep-,Dep-,0,,2.21,fdfe5797-b1b1-508c-9691-e9864b858c5d,d94ae704-584d-5d54-b209-c4be2f6a0187
WDVS Verklebung und Beschichtung Kunstharzputz,88cc57f7-384d-47a3-826a-e4fce57a32bd,46a05844-3fbf-47ef-889a-e7f1a4b4f825,88cc57f7-384d-47a3-826a-e4fce57a32bd,88cc57f7-384d-47a3-826a-e4fce57a32bd,88cc57f7-384d-47a3-826a-e4fce57a32bd,88cc57f7-384d-47a3-826a-e4fce57a32bd,88cc57f7-384d-47a3-826a-e4fce57a32bd,88cc57f7-384d-47a3-826a-e4fce57a32bd,WDVS Verklebung und Beschichtung Kunstharzputz,WDVS - Putz etc.,Dep-,Dep-,0,,2.21,e1e05e1c-19a4-5d07-91d2-b93310b04c5e,d94ae704-584d-5d54-b209-c4be2f6a0187
WDVS Verklebung und Beschichtung Leichtputz mineralisch,6108c144-5112-4f18-bcb1-d1ff8eb831a6,aeb54e7e-6950-41c5-a10e-0ba3b38ea774,6108c144-5112-4f18-bcb1-d1ff8eb831a6,6108c144-5112-4f18-bcb1-d1ff8eb831a6,6108c144-5112-4f18-bcb1-d1ff8eb831a6,6108c144-5112-4f18-bcb1-d1ff8eb831a6,6108c144-5112-4f18-bcb1-d1ff8eb831a6,6108c144-5112-4f18-bcb1-d1ff8eb831a6,WDVS Verklebung und Beschichtung Leichtputz mineralisch,WDVS - Putz etc.,Dep-,Dep-,0,,2.21,7f476a4b-af67-50cc-a484-fcb7fdb14c7e,d94ae704-584d-5d54-b209-c4be2f6a0187
WDVS Verklebung und Beschichtung Silikat-Dispersionsputz,94ef6ac0-956a-4d60-9062-990df91e7917,2d42602d-9913-43ed-8703-d953f7854bca,94ef6ac0-956a-4d60-9062-990df91e7917,94ef6ac0-956a-4d60-9062-990df91e7917,94ef6ac0-956a-4d60-9062-990df91e7917,94ef6ac0-956a-4d60-9062-990df91e7917,94ef6ac0-956a-4d60-9062-990df91e7917,94ef6ac0-956a-4d60-9062-990df91e7917,WDVS Verklebung und Beschichtung Silikat-Dispersionsputz,WDVS - Putz etc.,Dep-,Dep-,0,,2.21,fdb94a27-857b-59b4-a923-8dbdbdc7650c,d94ae704-584d-5d54-b209-c4be2f6a0187
WDVS Verklebung und Beschichtung Silikonharzputz,1b84e630-6489-493e-a066-1b976684dd03,6e95743d-cdf3-4646-a6ea-f9b2bb752821,1b84e630-6489-493e-a066-1b976684dd03,1b84e630-6489-493e-a066-1b976684dd03,1b84e630-6489-493e-a066-1b976684dd03,1b84e630-6489-493e-a066-1b976684dd03,1b84e630-6489-493e-a066-1b976684dd03,1b84e630-6489-493e-a066-1b976684dd03,WDVS Verklebung und Beschichtung Silikonharzputz,organ. Putz,Dep-,Dep-,0,,2.21,91443d20-b05a-51e3-bb8c-7059639825db,4edf3510-df73-5b4d-9234-cd9a9366ad58
WPC (Wood Plastic Composite) Terrassendiele,nicht vorhanden,4a6ffbb6-e7bc-4861-82ba-ee6a6704250f,nicht vorhanden,nicht vorhanden,nicht vorhanden,nicht vorhanden,nicht vorhanden,nicht vorhanden,Wood-Plastic-Composites,WPC,EB,EB,0,,,97aa814a-4fb4-5be2-a4c1-cfa8b44b12c8,de46f26d-a792-5ddf-ac6e-a122affc624f
WPC (Wood Plastic Composite) Terrassendiele,nicht vorhanden,4a6ffbb6-e7bc-4861-82ba-ee6a6704250f,nicht vorhanden,nicht vorhanden,nicht vorhanden,nicht vorhanden,nicht vorhanden,nicht vorhanden,Wood-Plastic-Composites (halogenfrei),WPC - Nachweis halogenfrei,EV-,EV-,0,,,5c0f8911-cfae-5d89-b419-e375b889fd10,53668466-d9fe-519a-9981-dba151125e0f
Zellulosefaser Einblas-Dämmstoff,c355d75b-9026-4899-a41c-e5d221c424f2,e08642c5-4c81-4170-9130-d7fa8fb6509f,c355d75b-9026-4899-a41c-e5d221c424f2,c355d75b-9026-4899-a41c-e5d221c424f2,c355d75b-9026-4899-a41c-e5d221c424f2,c355d75b-9026-4899-a41c-e5d221c424f2,c355d75b-9026-4899-a41c-e5d221c424f2,c355d75b-9026-4899-a41c-e5d221c424f2,Zellulosefaser Einblas-Dämmstoff,Zellulosefaserflocken,EV-,RC+,0.75,,2.11,674e4f2e-c0bb-562c-a361-b519139ae73e,f7db0013-f272-5adc-904e-59445aa33c06
Zellulosefaserplatten,cf963fcb-0e03-48c0-b501-ad0d1e3c22c0,acf6b988-2458-4ddc-aef8-9a6cd3a78485,cf963fcb-0e03-48c0-b501-ad0d1e3c22c0,cf963fcb-0e03-48c0-b501-ad0d1e3c22c0,cf963fcb-0e03-48c0-b501-ad0d1e3c22c0,cf963fcb-0e03-48c0-b501-ad0d1e3c22c0,cf963fcb-0e03-48c0-b501-ad0d1e3c22c0,cf963fcb-0e03-48c0-b501-ad0d1e3c22c0,Zellulosefaserplatten,Zellulosefaserplatten,EV-,EV-,0,,2.11,d3ff47b4-455d-5324-b35c-602a37bd6baa,9bf75aa9-7a33-5d5e-a463-ed21afc2dddd
"Zement (CEM II 32,5)",63f50bbb-8257-47fe-93d5-ca5ad26e5187,55af842c-7d33-4d0c-b33b-ac7564e573bf,63f50bbb-8257-47fe-93d5-ca5ad26e5187,63f50bbb-8257-47fe-93d5-ca5ad26e5187,63f50bbb-8257-47fe-93d5-ca5ad26e5187,63f50bbb-8257-47fe-93d5-ca5ad26e5187,63f50bbb-8257-47fe-93d5-ca5ad26e5187,63f50bbb-8257-47fe-93d5-ca5ad26e5187,"Zement (CEM II 32,5)",nicht eingestuft,n.e.,n.e.,n.e.,,1.1,41412c71-57c8-5b83-8f92-31294e36bf94,ef961829-1f5b-52ad-a6f7-8c77cea76d5c
"Zement (CEM II 42,5)",08d59fb4-e75c-4f31-82f2-caa0bcaa5f04,b29a4886-1bcf-4c3c-9df3-206ef1075fd6,08d59fb4-e75c-4f31-82f2-caa0bcaa5f04,08d59fb4-e75c-4f31-82f2-caa0bcaa5f04,08d59fb4-e75c-4f31-82f2-caa0bcaa5f04,08d59fb4-e75c-4f31-82f2-caa0bcaa5f04,08d59fb4-e75c-4f31-82f2-caa0bcaa5f04,08d59fb4-e75c-4f31-82f2-caa0bcaa5f04,"Zement (CEM II 42,5)",nicht eingestuft,n.e.,n.e.,n.e.,,1.1,605207da-d941-597e-b418-c8c09893f5f8,ef961829-1f5b-52ad-a6f7-8c77cea76d5c
"Zement (CEM II 52,5)",efb06021-90c7-411f-a85c-8dfa000f0004,d4f9c71a-c59d-43b4-ac7a-27d959bbec11,efb06021-90c7-411f-a85c-8dfa000f0004,efb06021-90c7-411f-a85c-8dfa000f0004,efb06021-90c7-411f-a85c-8dfa000f0004,efb06021-90c7-411f-a85c-8dfa000f0004,efb06021-90c7-411f-a85c-8dfa000f0004,efb06021-90c7-411f-a85c-8dfa000f0004,"Zement (CEM II 52,5)",nicht eingestuft,n.e.,n.e.,n.e.,,1.1,5a339d2b-a8e4-5917-be53-826999936ee3,ef961829-1f5b-52ad-a6f7-8c77cea76d5c
Zement (CEM II/A),bff1b0ac-5d16-4cce-9e5d-a3269eff093c,49b9328a-3e77-4cea-98b8-5704a7b24883,bff1b0ac-5d16-4cce-9e5d-a3269eff093c,bff1b0ac-5d16-4cce-9e5d-a3269eff093c,bff1b0ac-5d16-4cce-9e5d-a3269eff093c,bff1b0ac-5d16-4cce-9e5d-a3269eff093c,bff1b0ac-5d16-4cce-9e5d-a3269eff093c,bff1b0ac-5d16-4cce-9e5d-a3269eff093c,Zement (CEM II/A),nicht eingestuft,n.e.,n.e.,n.e.,,1.1,69f1e5e6-87da-5fd0-8a31-0b6b355c0353,ef961829-1f5b-52ad-a6f7-8c77cea76d5c
Zement (CEM II/B),df40fb5f-9a10-422d-8d95-69a3af9d0d96,304088d3-b7e0-4e6c-ac37-2044e7587bf1,df40fb5f-9a10-422d-8d95-69a3af9d0d96,df40fb5f-9a10-422d-8d95-69a3af9d0d96,df40fb5f-9a10-422d-8d95-69a3af9d0d96,df40fb5f-9a10-422d-8d95-69a3af9d0d96,df40fb5f-9a10-422d-8d95-69a3af9d0d96,df40fb5f-9a10-422d-8d95-69a3af9d0d96,Zement (CEM II/B),nicht eingestuft,n.e.,n.e.,n.e.,,1.1,8a07d35d-c2cf-5023-a2a8-ddb9b9e9aa75,ef961829-1f5b-52ad-a6f7-8c77cea76d5c
"Zement (CEM III 42,5)",55105a8e-947d-47fe-a98e-3bcf356edfdc,a6376437-3772-4938-b7bb-d97b60628f11,55105a8e-947d-47fe-a98e-3bcf356edfdc,55105a8e-947d-47fe-a98e-3bcf356edfdc,55105a8e-947d-47fe-a98e-3bcf356edfdc,55105a8e-947d-47fe-a98e-3bcf356edfdc,55105a8e-947d-47fe-a98e-3bcf356edfdc,55105a8e-947d-47fe-a98e-3bcf356edfdc,"Zement (CEM III 42,5)",nicht eingestuft,n.e.,n.e.,n.e.,,1.1,03ef9a1e-e6a4-5624-a81d-f22d556daa11,ef961829-1f5b-52ad-a6f7-8c77cea76d5c
"Zement (CEM III 52,5)",2a770c8c-5b2e-47ac-991c-12628c334818,481003fc-00ca-42c3-8a93-d205a0793e0c,2a770c8c-5b2e-47ac-991c-12628c334818,2a770c8c-5b2e-47ac-991c-12628c334818,2a770c8c-5b2e-47ac-991c-12628c334818,2a770c8c-5b2e-47ac-991c-12628c334818,2a770c8c-5b2e-47ac-991c-12628c334818,2a770c8c-5b2e-47ac-991c-12628c334818,"Zement (CEM III 52,5)",nicht eingestuft,n.e.,n.e.,n.e.,,1.1,46951366-beb8-5291-8666-0fa069640b1f,ef961829-1f5b-52ad-a6f7-8c77cea76d5c
"Zement (CEM IV 32,5)",ca486c76-6f0d-4c19-bd16-22de46ac06fd,1bf1d9f6-3872-4fd7-937c-2a98b4413496,ca486c76-6f0d-4c19-bd16-22de46ac06fd,ca486c76-6f0d-4c19-bd16-22de46ac06fd,ca486c76-6f0d-4c19-bd16-22de46ac06fd,ca486c76-6f0d-4c19-bd16-22de46ac06fd,ca486c76-6f0d-4c19-bd16-22de46ac06fd,ca486c76-6f0d-4c19-bd16-22de46ac06fd,"Zement (CEM IV 32,5)",nicht eingestuft,n.e.,n.e.,n.e.,,1.1,d9474b8e-98b1-508e-b56d-179504f9b888,ef961829-1f5b-52ad-a6f7-8c77cea76d5c
"Zement (CEM IV 42,5)",a43dd541-cfd8-4ff5-b632-67dcece91095,a70ee09d-69c6-4b6b-99e8-7a267fb4af6a,a43dd541-cfd8-4ff5-b632-67dcece91095,a43dd541-cfd8-4ff5-b632-67dcece91095,a43dd541-cfd8-4ff5-b632-67dcece91095,a43dd541-cfd8-4ff5-b632-67dcece91095,a43dd541-cfd8-4ff5-b632-67dcece91095,a43dd541-cfd8-4ff5-b632-67dcece91095,"Zement (CEM IV 42,5)",nicht eingestuft,n.e.,n.e.,n.e.,,1.1,fb86e809-64ad-548a-90cb-373afa4418bd,ef961829-1f5b-52ad-a6f7-8c77cea76d5c
Zementestrich,0973f221-2284-4892-ae3d-1b8c2986b6dd,abc6d78d-f274-4400-8f31-fe8d4c2949c9,0973f221-2284-4892-ae3d-1b8c2986b6dd,0973f221-2284-4892-ae3d-1b8c2986b6dd,0973f221-2284-4892-ae3d-1b8c2986b6dd,0973f221-2284-4892-ae3d-1b8c2986b6dd,0973f221-2284-4892-ae3d-1b8c2986b6dd,0973f221-2284-4892-ae3d-1b8c2986b6dd,Zementestrich,Estrich CT - Zementestrich,Dep+,RC-,0.25,,1.4,aa8dadcd-70e0-5303-a9f6-f4b9a53ea479,eb1fc563-c47f-5514-bc67-748fd49989c2
Zementgebundene Spanplatte (generisch),a0d69f94-040e-44b1-a88b-bbaeeb0aae2a,c772eb77-7b60-4b1f-8b5b-0be23e26549a,a0d69f94-040e-44b1-a88b-bbaeeb0aae2a,a0d69f94-040e-44b1-a88b-bbaeeb0aae2a,a0d69f94-040e-44b1-a88b-bbaeeb0aae2a,a0d69f94-040e-44b1-a88b-bbaeeb0aae2a,a0d69f94-040e-44b1-a88b-bbaeeb0aae2a,a0d69f94-040e-44b1-a88b-bbaeeb0aae2a,Zementgebundene Spanplatte,Holzzement,Dep-,SV,0.25,,3.2,d6c6ad57-2d2d-5d3b-8674-14fb13d048e6,e9471e11-f091-58c5-9139-f783f619cabd
Zementmörtel,b2c3f5a3-7858-4644-a49a-2eb883d37c91,9a08a2a7-b986-4b1a-b61f-ba65cc7414aa,b2c3f5a3-7858-4644-a49a-2eb883d37c91,b2c3f5a3-7858-4644-a49a-2eb883d37c91,b2c3f5a3-7858-4644-a49a-2eb883d37c91,b2c3f5a3-7858-4644-a49a-2eb883d37c91,b2c3f5a3-7858-4644-a49a-2eb883d37c91,b2c3f5a3-7858-4644-a49a-2eb883d37c91,Zementmörtel,"mineral. Putz, Mörtel, Kleber",Dep+,Dep+,0,,1.4,557097bd-3ec4-565c-aef1-a6395d7e5a9e,de8525b4-fbf3-5c62-abec-ca8db74dc92b
Zinkblech,nicht vorhanden,c0e75107-cbcc-42ac-9b33-760efa5f90bf,nicht vorhanden,nicht vorhanden,nicht vorhanden,nicht vorhanden,nicht vorhanden,nicht vorhanden,Zinkbleche,Zink,CL+,CL+,1,,,da7a161c-231b-59d6-84f2-7862285e603c,e9b963d1-490f-5d18-b805-5cc663784666
